Program,Round,Project Number,Project Title,Project Description,Field of Research (FOR) - Level 1 Division Code,FOR - Level 1 Division Title,FOR - Level 2 Group Code,FOR - Level 2 Group Title,FOR - Level 3 Class Code,FOR - Level 3 Class Title,FOR - Level 4 Sub-Class Code,FOR - Level 4 Sub-Class Title,Lead Research Institution,Institution Type,City,Approval Date,Fiscal Year,Ontario Commitment,Total Project Costs,Salutation,First Name,Middle Name,Last Name,Expenditure Type,Language,Keywords,population,per_capita_funding
Ontario Research Fund - Research Infrastructure,Small Infrastructure Fund - Round 058 - 2023 - June,39845,Equipment to support research in aquatic neurophysiology,"The objective of this proposal is to support aquatic ecotoxicology research on how contaminants affect olfaction and behaviour in fish. Specifically, it will determine if increased CO2 in aquatic systems from fossil fuel usage is modifying the toxicity of contaminants.",RDF10,Natural sciences,RDF105,Earth & related environmental sciences,RDF10510,Natural Environment  Sciences,RDF1051010,Ecotoxicology,Algoma University,University,Sault Ste. Marie,2024-05-31 00:00:00 UTC,2024-25,30677,76693,Dr.,William,null,Dew,Capital,English,"ecotoxicology, nerophysiology, olfaction, aquatic, fish, climate change",88334,0.347284171
Ontario Research Fund - Research Infrastructure,Small Infrastructure Fund - Round 058 - 2023 - June,40794,Bioprospecting in Northern Ontario for health beneficial compounds,"Discovering novel natural health beneficial compounds in unique microalgae bioprospected from Northern Ontario to address our urgent need for completely new sources of disease fighting compounds, including antioxidant, antibacterial, anticancer and antiviral agents.",RDF20-21,Engineering and Technology,RDF209,Environmental Biotechnology,RDF20901,Environmental Biotechnology,RDF2090101,Biodiscovery,Laurentian University,University,Sudbury,2024-05-31 00:00:00 UTC,2024-25,117932,294794,Dr.,John,null,Scott,Capital,English,"Bioprospecting, natural products, disease fighting, antioxidants, anticancer, antibiotic, antiviral",192688,0.612036038
Ontario Research Fund - Research Infrastructure,Small Infrastructure Fund - Round 058 - 2023 - June,41744,Improving Collaboration Efficiency for Fork-based Software Development,"While many software companies now offer remote work, geographic distance profoundly affects the ability to collaborate and can lead to numerous challenges. The proposed research will develop new theories and tool-based interventions to improve collaboration efficiency for distributed software teams.",RDF10,Natural sciences,RDF102,Computer and information sciences,RDF10203,Programming Languages and Software Engineering,RDF1020399,"Programming language and software engineering, n.e.c",University of Toronto,University,Toronto,2024-05-31 00:00:00 UTC,2024-25,80000,200000,Dr.,Shurui,null,Zhou,Capital,English,"Software engineering, collaborative software development, open source software, fork-based development",7109866,0.01125197
Ontario Research Fund - Research Infrastructure,Small Infrastructure Fund - Round 058 - 2023 - June,43708,Developing a Centre for Real-world Evidence to improve the use of medications for Canadians,The Centre for Real-World Evidence will develop big data infrastructure and capacity to evaluate priority pharmaceutical policy issues identified by policymakers and patients in Ontario and across Canada. This will bring together stakeholders and create new job opportunities for Ontarians.,RDF30,"Medical, health and life sciences",RDF303,Health sciences,RDF30304,Health services and systems,RDF3030499,"Health services and systems, n.e.c.",University of Toronto,University,Toronto,2024-05-31 00:00:00 UTC,2024-25,110000,277351,Dr.,Mina,null,Tadrous,Capital,English,"Big Data, Real-world evidence, pharmaceuticals, pharmaceutical policy, healthservices",7109866,0.015471459
Ontario Research Fund - Research Infrastructure,Small Infrastructure Fund - Round 058 - 2023 - June,43972,"Healthy Aging Lab: Uncovering the relationship between mobility, cognition, and brain health","This project will further our understanding of the complex relationship between cognition, mobility, and brain health in older adults to mitigate decline and promote healthy aging. With this infrastructure, Dr. Nagamatsu will lead a world-class research space for integrative assessment and exercise training for older adults.",RDF30,"Medical, health and life sciences",RDF303,Health sciences,RDF30399,Other health sciences,RDF3039999,"Other health sciences, n.e.c.",Western University,University,London,2024-05-31 00:00:00 UTC,2024-25,231321,578304,Dr.,Lindsay,null,Nagamatsu,Capital,English,"Aging, neuroscience, mobility, exercise interventions, physiological and metabolic assessments",626875,0.36900658
Ontario Research Fund - Research Infrastructure,Small Infrastructure Fund - Round 058 - 2023 - June,43981,Attosecond X-ray Photonics,"This research program will establish, in Ontario, the world’s first X-ray Free-Electron Laser-like table-top attosecond X-ray source spanning soft and tender spectral range, allowing every atom on the periodic table to be differentiated by attosecond X-ray spectroscopy for the first time in university laboratories.",RDF10,Natural sciences,RDF103,Physical sciences,RDF10303,"Atomic, molecular, and optical physics",RDF1030303,Lasers and quantum electronics,University of Ottawa,University,Ottawa,2024-05-31 00:00:00 UTC,2024-25,800000,2000000,Dr.,Zenghu,null,Chang,Capital,English,"Attosecond science and technology, Time-resolved X-ray spectroscopy, Chargetransfer dynamics, Charge migration in molecules, Photovoltaic materials",1291272,0.619544139
Ontario Research Fund - Research Infrastructure,Small Infrastructure Fund - Round 058 - 2023 - June,43982,Genomic and spatial data to understand the distributions of and protect at-risk species under global change,"This research program makes use of extensive field surveys, spatial data and habitat modeling, and cutting-edge genomic methods for non-model organisms to advance our fundamental understanding of species’ distributions and the response of species to global change, and to aid in the protection and recovery of at-risk species.",RDF10,Natural sciences,RDF106,Biological sciences,RDF10603,Ecology,RDF1060310,Evolutionary ecology,University of Ottawa,University,Ottawa,2024-05-31 00:00:00 UTC,2024-25,189999,474999,Dr.,Julie,null,Lee-Yaw,Capital,English,"Range limits, geographic distributions, conservation genomics, evolutionaryecology, adaptation, amphibians",1291272,0.147140959
Ontario Research Fund - Research Infrastructure,Small Infrastructure Fund - Round 058 - 2023 - June,43991,Quantitative Risk Management Lab,"The proposed research program will improve society's understanding and mitigation of risks by advancing the theory and quantitative methods for critical risk management challenges in finance, economics, and natural sciences, and developing techniques for statistical inference, risk assessment, optimization, economics, and dependence modeling",RDF10,Natural Science,RDF101,Mathematics and Statistics,RDF10103,Statistics,RDF1010308,Actuarial science and mathematical finance,University of Waterloo,University,Waterloo,2024-05-31 00:00:00 UTC,2024-25,80000,639708,Dr.,Ruodu,null,Wang,Capital,English,"finance, statistics, actuarial science, operations research decision theory, riskmeasures, e-values, mass transport, dependence modeling, data science",699402,0.11438343
Ontario Research Fund - Research Infrastructure,Small Infrastructure Fund - Round 058 - 2023 - June,43994,Mathematical Foundations of Data Science,"This project will build the Mathematical Foundations of Data Science lab and provide necessary computational and videoconferencing equipment. With these resources, the Pl will tackle a broad range of problems, from explaining the power of neural networks to determining the computational complexity of statistical tasks.",RDF10,Natural Sciences,RDF101,Mathematics and Statistics,RDF10103,Statistics,RDF1010312,Probability Theory,University of Waterloo,University,Waterloo,2024-05-31 00:00:00 UTC,2024-25,80000,626174,Dr.,Aukosh,null,Jagannath,Capital,English,"Mathematical Foundations of Data Science, Probability, High-dimensionalStatistics, Machine Learning, Optimization, Computational Aspects of Statistics",699402,0.11438343
Ontario Research Fund - Research Infrastructure,Small Infrastructure Fund - Round 058 - 2023 - June,44011,Can Gait Identify and Predict Brain Health?,"Dr. Ehgoetz Martens' research aims to unravel the complexity of walking patterns to leverage gait as a powerful biomarker to predict future neurodegeneration. This work will catalyze early diagnosis, improve clinical trial enrollment, and create opportunities for therapeutic intervention to halt the progression of neurodegeneration.",RDF30,"Medical, health and life sciences",RDF301,Basic medicine and life sciences,RDF30104,"Neurosciences, medical and physiological and health aspects",RDF3010414,Neurodegeneration,University of Waterloo,University,Waterloo,2024-05-31 00:00:00 UTC,2024-25,100000,250000,Dr.,Kaylena,null,Ehgoetz Martens,Capital,English,"gait, neurodegeneration, freezing of gait, Parkinson's disease, kinematics, brain imaging, virtual reality, cognition",699402,0.142979288
Ontario Research Fund - Research Infrastructure,Small Infrastructure Fund - Round 058 - 2023 - June,44033,"CRC in Sex, Gender, and Diversity in Brain Health, Memory, and Aging","Dr. Rajah’s innovative cognitive neuroscience research program engages participants from diverse backgrounds in neuroimaging, behavioral, physiological and genetic studies to create more inclusive models of cognitive brain aging, enrich our understanding of midlife brain health, and support early detection and prevention of Alzheimer’s disease.",RDF5010210,"Memory (including episodic and semantic memory, and working memory)",RDF3030208,Aging process,RDF1061107,Neurocognitive patterns and neural networks,null,null,Toronto Metropolitan University,University,Toronto,2024-05-31 00:00:00 UTC,2024-25,152000,442926,Dr.,Natasha,Maria,Rajah,Capital,English,"Cognitive Neuroscience, Memory, Aging, Dementia Prevention and Sex,Gender, and Diversity in Brain Health",7109866,0.021378743
Ontario Research Fund - Research Infrastructure,Small Infrastructure Fund - Round 058 - 2023 - June,44039,Gas flux instrumentation for novel investigations of the plant-soil-atmosphere continuum in agroecosystems,"I will use portable field-ready instrumentation to quantify exchange of carbon and nitrogen of plants, soil, and the atmosphere in agricultural systems. My objective is to understand and inform precision management practices that tighten the loop of nutrients to improve farm efficiencies and protect the environment.",RDF10,Natural Sciences,RDF10511,Soil Sciences,RDF1051107,Soil-root interactions,null,null,Trent University,University,Peterborough,2024-05-31 00:00:00 UTC,2024-25,113737,284893,Dr.,Kira,null,Borden,Capital,English,"portable laboratory, plant functional traits, root-soil interactions, carbonsequestration, greenhouse gas emissions, nutrient management, climatechange",140630,0.808767688
Ontario Research Fund - Research Infrastructure,Small Infrastructure Fund - Round 058 - 2023 - June,44049,Facility for Research on Affordable and Sustainable Housing using Construction Printing Technology,"The research to be enabled by the requested infrastructure will lead to greater automation in the construction industry through the use of novel 3D construction printing technology. This research will develop cheaper and environmentally friendly printing materials for affordable, safe and environmentally sustainable home construction.",RDF20-21,Engineering and technology,RDF201,"Civil engineering, maritime engineering, transport engineering, and mining engineering",RDF20101,Civil engineering,RDF2010103,"Concrete, cementitious materials and other architectural and construction m",University of Windsor,University,Windsor,2024-05-31 00:00:00 UTC,2024-25,139369,415986,Dr.,Sreekanta,null,Das,Capital,English,"Housing Crisis, Affordable and Sustainable Housing, Use of Recycled Materials,Reduction of Greenhouse Gas Emissions, Minimizing Landfill Problems,Training HQP",484698,0.287537807
Ontario Research Fund - Research Infrastructure,Small Infrastructure Fund - Round 058 - 2023 - June,44077,Gas Chromatography-Mass Spectrometry (GC-MS) System for Functional Genomics of Plant Lipid Metabolism,"The infrastructure requested will enable research to find innovative strategies to improve crop drought tolerance, to develop carbon-neutral substitutes to fossil fuel-based resources, and to uncover the biosynthetic machineries required to engineer plants or microorganisms that accumulate renewable industrial oleochemicals.",RDF1040307,Organic catalysis and mechanisms of reactions,RDF1060111,Synthetic biology,RDF1060102,"Enzymes (including kinetics and mechanisms, and biocatalyst)",null,null,Algoma University,University,Sault Ste. Marie,2024-05-31 00:00:00 UTC,2024-25,93806,284071,Dr.,Isabel,M.,Molina,Capital,English,"Plant lipid biotechnology, mutant plants, renewable lipid polymers, crop stress resistance, protective lipids, cuticle, suberin, waxes, enzymology, gas chromatography-mass spectrometry",88334,1.061946702
Ontario Research Fund - Research Infrastructure,Small Infrastructure Fund - Round 058 - 2023 - June,44120,The Individual Variation Across the Lifespan Project: a collaborative examination of language acquisition and use,"Individuals can vary dramatically in how they learn and use language. In this project, we investigate the nature of this variation in first language acquisition, second language acquisition, and adult speech to better inform solutions for practical issues facing Ontarians.",RDF60,Humanities and the arts,RDF602,Languages and literature,RDF60202,Linguistics,RDF6020204,Phonetics and speech sciences,Carleton University,University,Ottawa,2024-05-31 00:00:00 UTC,2024-25,40000,107188,Dr.,Bethany,null,MacLeod,Capital,English,"experimental linguistics, individual variation, language development, second language acquisition, adult speech, perception, production, phonetics, phonology",1291272,0.030977207
Ontario Research Fund - Research Infrastructure,Small Infrastructure Fund - Round 058 - 2023 - June,44128,Hydrogen Energy Advances Lab Infrastructure,"This research uses metals as a long-duration energy storage mechanism and to enable a global trade in clean energy. The study will focus on the reaction of metals with water to produce hydrogen on demand. Ontario, with its vast renewable resources and expertise in metal production, is well-positioned to lead the global trade in metal fuels.",RDF20-21,Engineering and technology,RDF204,Mechanical engineering,RDF20499,Other mechanical engineering,RDF2049999,"Other mechanical engineering, n.e.c.",McMaster University,University,Hamilton,2024-05-31 00:00:00 UTC,2024-25,150000,375004,Dr.,Keena,null,Trowell,Capital,English,"Hydrogen, metal-water reactions, supercritical water, metal fuels, circular fuels, energy storage",862679,0.173876958
Ontario Research Fund - Research Infrastructure,Small Infrastructure Fund - Round 058 - 2023 - June,44131,Systems chemistry,The goal of this project is to experimentally reconstruct abiotic self-organized chemistry that resembles biological metabolism. The project will give fundamental insight into the origins of life as well as provide new strategies to use CO2 to build biological molecules with minimal waste.,RDF10,Natural Sciences,RDF104,Chemical Sciences,RDF10403,Organic Chemistry,RDF1040399,"Organic chemistry, n.e.c.",University of Ottawa,University,Ottawa,2024-05-31 00:00:00 UTC,2024-25,438452,1096132,Dr.,Joseph,null,Moran,Capital,English,"prebiotic chemistry, reaction networks, CO2 fixation, green chemistry, chemistryin water, catalysis, origin of life",1291272,0.339550459
Ontario Research Fund - Research Infrastructure,Small Infrastructure Fund - Round 058 - 2023 - June,44139,"Resource Insecurity, Health and Sustainable Livelihoods","This project seeks to quantify and understand the co-occurrence of food, water, energy, and housing insecurity and their compounding effects on vulnerable populations in Low- and Middle-Income Countries. Secondly, it seeks to examine the role of environmental degradation and climatic conditions on health outcomes in poor resource settings.",RDF303,Health Sciences,RDF30302,Public and population health,RDF3030217,Global Health,null,null,York University,University,Toronto,2024-05-31 00:00:00 UTC,2024-25,35000,87655,Dr.,Godfred,null,Boateng,Capital,English,"Resource insecurity, water insecurity, housing insecurity, environmentalpollution, climate change, energy insecurity, health equity",7109866,0.004922737
Ontario Research Fund - Research Infrastructure,Small Infrastructure Fund - Round 058 - 2023 - June,44151,The composition and distribution of platinum-group minerals in rocks,State-of-the art microscopy and novel geochemical tools will be used to elucidate the formation of socio-economically critical platinum-rich minerals in magmatic settings. This will lead to the development of technically advanced new workflows for mapping their composition and distribution in rocks.,RDF10,Natural sciences,RDF105,Earth and related environmental sciences,RDF10503,Geology,RDF1050305,Ore deposit petrology,University of Ottawa,University,Ottawa,2024-05-31 00:00:00 UTC,2024-25,136950,452944,Dr.,Brian,null,O'Driscoll,Capital,English,"Platinum-group minerals, layered intrusions, ophiolites, chromitite, sulfide,mantle petrology, impactite",1291272,0.106058212
Ontario Research Fund - Research Infrastructure,Small Infrastructure Fund - Round 058 - 2023 - June,44155,Single-Crystal X-ray Diffractometer: Critical Infrastructure for Advanced Materials Research at the University of Guelph,Our objective is to design and create innovative materials to address two areas of societal need; to reach global carbon dioxide sequestration targets and the advancement in computational capability. The use of Single Crystal X-ray Diffraction will play a vital role in understanding the fundamental chemical behavior of the materials.,RDF10,Natural Sciences,RDF104,Chemical Sciences,RDF10402,Inorganic Chemistry,RDF1040208,Inorganic Materials,University of Guelph,University,Guelph,2024-05-31 00:00:00 UTC,2024-25,305000,762522,Dr.,Jennifer,null,Murphy,Capital,English,"Carbon Capture Materials, Amines, Single Molecule Magnets, Radical Ligands,Hybrid Materials, Qubits",182615,1.670180434
Ontario Research Fund - Research Infrastructure,Small Infrastructure Fund - Round 058 - 2023 - June,44161,Imaging system for the development of medical microrobots,"The proposed research focuses on the development of biohybrid, cell-based microrobots for drug and cell delivery in the reproductive tract. The requested infrastructure will allow the investigation of microrobot performance in complex environments such as 3D organ models and interaction with target tissues.",RDF20-21,Engineering and technology,RDF207,Medical and biomedical engineering,RDF20701,Medical and biomedical engineering,RDF2070108,Biomedical robotics,University of Waterloo,University,Waterloo,2024-05-31 00:00:00 UTC,2024-25,80000,201897,Dr.,Veronika,null,Magdanz,Capital,English,"biomedical engineering, microrobots, microscopy, microrobot fabrication, drug delivery, cell delivery, 3Dprinted organ models",699402,0.11438343
Ontario Research Fund - Research Infrastructure,Small Infrastructure Fund - Round 058 - 2023 - June,44180,An indoor air quality and occupant exposure testing and monitoring laboratory,A new research facility is requested to study the impact of indoor pollutant sources and mitigation measures and to explore the influence of occupant activities on indoor air quality. Novel control strategies to improve mitigation measures and a framework for long-term indoor air quality monitoring and analysis will be developed.,RDF20-21,Engineering and technology,RDF201,"Civil engineering, maritime engineering, transport engineering and mining engineering",RDF20101,Civil engineering,RDF2010199,"Civil engineering, n.e.c. - Indoor air and environmental quality analysis",University of Waterloo,University,Waterloo,2024-05-31 00:00:00 UTC,2024-25,100000,305124,Dr.,Tianyuan,null,Li,Capital,English,"Indoor air quality, ventilation, filtration, occupant behaviour, building performance, portable air cleaner, occupant exposure",699402,0.142979288
Ontario Research Fund - Research Infrastructure,Small Infrastructure Fund - Round 058 - 2023 - June,44181,"Large-scale modelling of Lyme disease under climate, environmental and socio-demographic changes","This project aims to build a modelling infrastructure capable of predicting Lyme Disease transmission under various socio-ecological conditions that enables the evaluation of future scenarios for decision analysis, including the health and economic outcomes of policy interventions, and expansion to other diseases.",RDF30,"Medical, health and life sciences",RDF303,Health sciences,RDF30302,Public and population health,null,null,University of Ottawa,University,Ottawa,2024-05-31 00:00:00 UTC,2024-25,151603,379008,Dr.,Manisha,null,Kulkarni,Capital,English,"public health, infectious disease modelling, economic evaluation, drones, insect chamber, biosafety cabinet, qPCR, high performance computing",1291272,0.117405938
Ontario Research Fund - Research Infrastructure,Small Infrastructure Fund - Round 058 - 2023 - June,44183,Single-Cell Analysis of Epithelial-Mesenchymal Plasticity,"The requested equipment will support innovative research and training to address three major health challenges: ovarian cancer, colorectal cancer and Parkinson’s disease, will be investigated. Defining the molecular changes that occur with disease progression and with treatment will identify strategies to improve health outcomes.",RDF30,"Medical, health and life sciences",RDF201,Basic medicine and life sciences,RDF30102,Cancer,RDF3010201,Cancer progression and metastasis,University of Ottawa,University,Ottawa,2024-05-31 00:00:00 UTC,2024-25,700000,1994106,Dr.,Barbara,null,Vanderhyden,Capital,English,"single-cell RNA sequencing, CRISPR screens, epigenetic mapping, epithelial-mesenchymal plasticity, NovaSeq",1291272,0.542101122
Ontario Research Fund - Research Infrastructure,Small Infrastructure Fund - Round 058 - 2023 - June,44189,Investigating the impact of aging and infections on the induction of Trained Immunity in asthma,The objective of this proposal is to investigate the link between childhood respiratory infections and subsequent risk for asthma development. Defining detrimental signatures of innate immunity during allergic and infectious respiratory diseases can ultimately enable development of targeted immunotherapies for asthma.,RDF30,"Medical, health and life sciences",RDF301,Basic medicine and life sciences,RDF30101,Immunology,RDF3010107,Innate immunity,Queen's University,University,Kingston,2024-05-31 00:00:00 UTC,2024-25,517084,1296414,Dr.,Eva,null,Kaufmann,Capital,English,"Innate Immunity, Trained Immunity, Heamtopoietic Stem Cells, Asthma,Respiratory Infections, Epigenetics, Mouse models",192395,2.687616622
Ontario Research Fund - Research Infrastructure,Small Infrastructure Fund - Round 058 - 2023 - June,44198,A cryo-EM drug discovery pipeline targeting the acetylcholine receptor for the treatment of neuromuscular disease,This proposal will develop a state-of-the-art cryo-electron microscopy drug discovery pipeline that will be used to elucidate the structures of key signaling complexes implicated in neuromuscular disorders. This project will support the design of small molecule therapeutics that target these complexes for treatment.,RDF10,Natural sciences,RDF10405,Biomolecular and medicinal chemistry,RDF1040503,Characterization of biological macromolecules and biological systems,null,null,University of Ottawa,University,Ottawa,2024-05-31 00:00:00 UTC,2024-25,292058,730145,Dr.,John,null,Baenziger,Capital,English,"acetylcholine receptor, structure-based drug design, cryo-electron microscopy, neuromuscular disease, congenital myasthenic syndromes, myasthenia gravis",1291272,0.226178528
Ontario Research Fund - Research Infrastructure,Small Infrastructure Fund - Round 058 - 2023 - June,44201,Functional Structures Based on Main-Group Supramolecular Interactions,"We will explore unique non-covalent molecular interactions and their applications in developing novel porous materials, metal-free catalysts, and artificial nucleobases that will contribute to global efforts to combat climate change and creation of therapeutics for detecting and treating infections.",RDF10,Natural Sciences,RDF104,Chemical sciences,RDF10402,Inorganic chemistry,RDF1040204,Main group metal chemistry,Queen's University,University,Kingston,2024-05-31 00:00:00 UTC,2024-25,125000,312500,Dr.,Myongwon,Luicia,Lee,Capital,English,"Main group chemistry, Supramolecular chemistry, Synthesis, Porous materials, Supramolecular Catalysis, Anion binding, Nucleoside analogues",192395,0.649705034
Ontario Research Fund - Research Infrastructure,Small Infrastructure Fund - Round 058 - 2023 - June,44203,Engineering Multifunctional All-liquid Soft Materials and Ultra-light Weight Aerogels,"Leveraging nanomaterials derived from Ontario's underutilized wood and graphite resources, this project will use new advanced manufacturing techniques to devise multifunctional 3D structures for different applications in public health, including shielding electromagnetic pollution.",RDF20-21,Engineering and technology,RDF206,Materials engineering and resources engineering,RDF20601,Materials engineering,RDF2060105,Functional materials in materials engineering sciences,University of Waterloo,University,Waterloo,2024-05-31 00:00:00 UTC,2024-25,80000,205365,Dr.,Milad,null,Kamkar,Capital,English,"Advanced Manufacturing, 3D Printing, Interfacial Assembly, Nanomaterials, Graphene, Cellulose Nanocrystals, Liquid-in-liquid Printing, Aerogels, Emulsions, Materials Engineering",699402,0.11438343
Ontario Research Fund - Research Infrastructure,Small Infrastructure Fund - Round 058 - 2023 - June,44210,Landscapes in Transition: Environmental Sensitivities Due to Climate Change,"Climate change and other human activities are driving an increase in geohazards, such as flooding, landslides, drought, etc., globally. This project will use state of the art field, laboratory, and computing approaches to understand how landscapes are responding to increased hazards, and work to predict them in the future.",RDF10,Natural sciences,RDF105,Earth and related environmental sciences,RDF10506,Environmental geoscience,null,null,York University,University,Toronto,2024-05-31 00:00:00 UTC,2024-25,198161,495405,Dr.,Joshua,null,Thienpont,Capital,English,"landscape disturbance, climate change, water, lakes, rivers, permafrost, flooding, drought",7109866,0.027871271
Ontario Research Fund - Research Infrastructure,Small Infrastructure Fund - Round 058 - 2023 - June,44224,Role of histone chaperones in neurodevelopment,"This project will develop a world-class laboratory to reveal new mechanisms that can be targeted to treat neurodevelopmental disorders. The incidence of neurodevelopmental disorders is rising in Canada, this research program will provide new insights and new targets to develop new treatments.",RDF10,Natural Sciences,RDF106,Biological Sciences,RDF10611,"Neuroscience, biological and chemical aspects",RDF1061102,Molecular neuroscience,University of Ottawa,University,Ottawa,2024-05-31 00:00:00 UTC,2024-25,95000,237501,Dr.,Gilda,null,Stefanelli,Capital,English,"epigenetics, chromatin, neurodevelopment",1291272,0.073570867
Ontario Research Fund - Research Infrastructure,Small Infrastructure Fund - Round 058 - 2023 - June,44225,Wound Infection Biomarker and Drug Discovery Facility,"Diabetic foot ulcers are a major complication of diabetes, leading to amputation and even death. This project will develop microbiome-based biomarkers of wound healing and new antimicrobial therapies targeting diabetic foot infection.",RDF30,"Medical, health and life sciences",RDF301,Basic medicine and life sciences,RDF30103,Medical Microbiology,RDF3010308,Human microbiota,McMaster University,University,Hamilton,2024-05-31 00:00:00 UTC,2024-25,353628,1050942,Dr.,Lindsay,null,Kalan,Capital,English,"microbiome, biofilm, wound infection, biomarker discovery, antibiotic discovery",862679,0.409918405
Ontario Research Fund - Research Infrastructure,Small Infrastructure Fund - Round 058 - 2023 - June,44227,Ultra-sensitive Cryogenic Detector Development for Dark Matter and Neutrino Experiments,"Understanding fundamental physics laws beyond the Standard Model is a new frontier in physics research. The proposed research program will design and test the next generation of cryogenic solid-state particle detectors for dark matter and neutrino detection, with the aim of discovering new physics.",RDF10,Natural science,RDF103,Physical science,RDF10302,Subatomic physics,RDF1030202,"Particle physics, experimental",University of Toronto,University,Toronto,2024-05-31 00:00:00 UTC,2024-25,312000,873975,Dr.,Ziqing,null,Hong,Capital,English,"Particle physics, astrophysics, dark matter detection, neutrino physics, cryogenic detector, superconducting detector",7109866,0.043882684
Ontario Research Fund - Research Infrastructure,Small Infrastructure Fund - Round 058 - 2023 - June,44245,Exploring the Landscape of Electrochemical Reactions and Improving Process Sustainability through Paired Synthesis,"The chemical industry is a major contributor to factors affecting climate change in part due to the reliance on fossil fuels as both energy and building blocks in chemical reactions. This research focuses on the design of chemical processes for the conversion of renewable materials into value-added products, with electricity as the energy source.",RDF10,Natural sciences,RDF104,Chemical sciences,RDF10406,Physical chemistry (including structural),RDF1040602,Electrochemistry,Queen's University,University,Kingston,2024-05-31 00:00:00 UTC,2024-25,125000,325289,Dr.,Rachel,null,Baker,Capital,English,"electrochemistry, paired electrosynthesis, green chemistry, organic synthesis, sustainability, renewable materials",192395,0.649705034
Ontario Research Fund - Research Infrastructure,Small Infrastructure Fund - Round 058 - 2023 - June,44255,EquiCon: Equitable conservation for a sustainable future,Establishing protected areas is a key intervention to avert ecosystem collapse due to climate change. We will use wireless sensor networks to collect environmental data and develop models to monitor impacts of climate change and economic development to create conservation plans in Uganda with applications for Ontario.,RDF10,Natural sciences,RDF105,Earth and related environmental sciences,RDF10509,Geomatics and earth systems observations,RDF1050999,"Geomatics and earth systems observations, n.e.c.",Carleton University,University,Ottawa,2024-05-31 00:00:00 UTC,2024-25,75001,189704,Dr.,Dipto,null,Sarkar,Capital,English,"Distributed Climate Monitoring, Species Distribution Models, Biodiversity Monitoring, Protected Areas, Climate Change",1291272,0.058083038
Ontario Research Fund - Research Infrastructure,Small Infrastructure Fund - Round 058 - 2023 - June,44257,Towards a mechanistic understanding of global change: effects of warming on biological processes across scales,The objective of this project is to understand how aquatic populations and communities respond to global change. It will use experimental populations of phytoplankton and blue mussels to test hypotheses about what facilitates and limits adaptation to climate warming and changing nutrient supplies.,RDF10,Natural sciences,RDF106,Biological sciences,RDF10603,Ecology,null,null,University of Guelph,University,Guelph,2024-05-31 00:00:00 UTC,2024-25,90000,303049,Dr.,Joanna,null,Bernhardt,Capital,English,"ecology, evolution, thermal ecology, physiology, algae, aquatic, global change, metabolic rates, seafood",182615,0.492840128
Ontario Research Fund - Research Infrastructure,Small Infrastructure Fund - Round 058 - 2023 - June,44258,Helium Recovery System for the Biomolecular NMR Facility,"My laboratory is a world leader in developing Nuclear Magnetic Resonance (NMR) methods to study the structure and dynamics of biomolecules important in human disease. The magnets used for the NMR research require helium to function, with the helium recovery system  proposed here necessary for recycling this non-renewable element.",RDF10,Natural sciences,RDF104,Chemical sciences,RDF10405,Biomolecular and medicinal chemistry,RDF1040503,Characterization of biological macromolecules and biological systems,University of Toronto,University,Toronto,2024-05-31 00:00:00 UTC,2024-25,350000,948192,Dr.,Lewis,null,Kay,Capital,English,"NMR, Protein structure and dynamics, Biomolecules, Biophysical Chemistry, Biophysics, Biochemistry",7109866,0.049227369
Ontario Research Fund - Research Infrastructure,Small Infrastructure Fund - Round 058 - 2023 - June,44259,Laboratory for Metabolism and Translational Science - LiMTS,"To develop new interventions targeting post-burn hypermetabolism for improved patient outcomes and novel tissue engineering therapeutic products for accelerated skin regeneration and restored tissue functions, revolutionizing the current treatments for burn patients.",RDF10,Natural sciences,RDF106,Biological sciences,RDF10602,Cell biology,RDF10602,Cell metabolism,McMaster University,University,Hamilton,2024-05-31 00:00:00 UTC,2024-25,400000,1015126,Dr.,Marc,null,Jeschke,Capital,English,"hypermetabolism, mitochondria, ageing, mesenchymal stem cell, thermal injury, regenerative medicine, 3D bioprinting, tissue engineering, translational research, wound healing",862679,0.463671887
Ontario Research Fund - Research Infrastructure,Small Infrastructure Fund - Round 058 - 2023 - June,44260,Affordable Living Integrated Residential Testbed (ALIRT),"This residential testbed will be integrated with a commercial and institutional testbed, leveraging the IT infrastructure to develop, test and operationalize building control systems, and lead decarbonization efforts in new and retrofit contexts, improving the affordability, comfort, and health of Ontario residential environments.",RDF2030709,"Data-driven estimation, optimization, and control",RDF2030301,Learning and adaptive systems,RDF2010199,"Civil engineering, n.e.c. building systems and engineering",null,null,Toronto Metropolitan University,University,Toronto,2024-05-31 00:00:00 UTC,2024-25,395060,1186372,Dr.,Jennifer,null,McArthur,Capital,English,Smart Home Integration and Operationalization; Smart and OngoingCommissioning; Optimize Asset Performance; Digital Twin; DecarbonizationEffort,7109866,0.055565042
Ontario Research Fund - Research Infrastructure,Small Infrastructure Fund - Round 058 - 2023 - June,44267,Defining how we establish and maintain a healthy gut,"A healthy gut is an important component of our day-to-day lives. It is established in the first year of life, when we switch from milk to solids. We will define crucial aspects in this early life switch, and will determine how our gut protects us from pathogens throughout our lifetime.",RDF30,"Medical, health and life sciences",RDF301,Basic medicine and life sciences,RDF30101,Immunology,RDF3010107,Innate immunity,Carleton University,University,Ottawa,2024-05-31 00:00:00 UTC,2024-25,75001,243404,Dr.,Menno,null,Oudhoff,Capital,English,"Gastroenterology, Epigenetics, Immunity, Infection, Intestinal epithelial cells, Gut development, Inflammatory bowel disease, Organoids, Imaging",1291272,0.058083038
Ontario Research Fund - Research Infrastructure,Small Infrastructure Fund - Round 058 - 2023 - June,44278,Platform for Antimicrobial Discovery from Symbiotic Microbes,The emergence of antibiotic-resistant bacterial and fungal infections represent an imminent health crisis in Ontario. The infrastructure proposed for this Platform for Antimicrobial Discovery from Symbiotic Microbes is essential to the discovery and development of new antibiotics and for the training of experts in drug discovery.,RDF10,Natural sciences,RDF106,Biological sciences,RDF10607,Microbiology,RDF1060704,Microbial ecology and evolution,McMaster University,University,Hamilton,2024-05-31 00:00:00 UTC,2024-25,372656,1084511,Dr.,Cameron,null,Currie,Capital,English,"Antibiotics, Antimicrobial Resistance, Streptomyces, Symbiosis, Human Microbiome, Fungus-growing ants",862679,0.431975277
Ontario Research Fund - Research Infrastructure,Small Infrastructure Fund - Round 058 - 2023 - June,44286,Controlling detonation instabilities: experiments and models to enable next-generation engines,"Next-generation propulsion and electricity generation detonation engines are limited by instabilities, constraining their efficiency and operability. This proposal aims to better characterize, model, and modulate detonations to limit these instabilities and enable new engine development.",RDF20-21,Engineering and Technology,RDF205,Chemical engineering,RDF20501,Chemical engineering,RDF2050105,Non-automotive combustion eng. (incl. alternative and renewable fuels),Queen's University,University,Kingston,2024-05-31 00:00:00 UTC,2024-25,80000,256436,Dr.,Jackson,null,Crane,Capital,English,"Detonation, High speed flows, Rotating detonation engine, Computational fluid dynamics, Shock wave, Nanoparticle, Non-equilibrium",192395,0.415811222
Ontario Research Fund - Research Infrastructure,Small Infrastructure Fund - Round 058 - 2023 - June,44292,Infrastructure for High-Definition Microplastic Detection (HD-MPD) and Identity Analysis,"Microplastics (MPs) are quite diverse in shape, size, and polymer, affecting their distribution, accumulation, and toxicity. The objective of this proposed research facility is to employ state-of-the-art technologies to determine complexities in MP properties and, in turn, to assess their environmental presence, fate, and variability.",RDF20-21,Engineering and technology,RDF208,Environmental engineering and related engineering,RDF20899,Other environmental engineering and related engineering,RDF2089999,Other environmental engineering and related engineering,York University,University,Toronto,2024-05-31 00:00:00 UTC,2024-25,140000,353512,Dr.,Shooka,null,Karimpour,Capital,English,"Microplastic contaminants, aquatic ecosystem, fate and entrainment, ecotoxicity, emerging contaminants, water, sediments, Fourier Transform Infrared Spectroscopy, Focal Point Array",7109866,0.019690948
Ontario Research Fund - Research Infrastructure,Small Infrastructure Fund - Round 058 - 2023 - June,44302,Resilient Agile Aerial Autonomy,"The aim of the project is to develop intelligent aerial multi-robot systems that significantly improve public safety. This research focuses on pushing the limited operating window of current aerial robot navigation to enable autonomy in less structured, changing environments and in safety-critical interactions.",RDF10,Natural Sciences,RDF102,Computer and information sciences,RDF10201,Artificial intelligence (AI),RDF1020102,Intelligent Robotics,Queen's University,University,Kingston,2024-05-31 00:00:00 UTC,2024-25,125000,318530,Dr.,Melissa,null,Greeff,Capital,English,"Aerial Robotics, Safe Learning-Based Control, Event-Based Vision, Multi-Robot Collaboration",192395,0.649705034
Ontario Research Fund - Research Infrastructure,Small Infrastructure Fund - Round 059 - 2023 - November,42809,21st Century challenge for Dentistry: Breaking the cycle of irreversible dental tissue loss,"This research project will develop non-invasive digital biopsies using advanced imaging systems to enhance early caries detection, as well as advance innovative restorative materials to enhance the durability of dental restorations.",RDF30,"Medical, Health and Life Sciences",RDF20-21,Engineering and technology,RDF10,Natural sciences,RDF2070101,Biomedical materials,University of Toronto,University,Toronto,2024-06-28 00:00:00 UTC,2024-25,370645,930315,Dr.,Laurent,null,Bozec,Capital,English,"Oral Health, Caries, Diagnostics, Bio-materials, Tissue function, Dental restoration, Bio-Imaging, Statistical modeling, Clinical translation, Artificial Intelligence.",7109866,0.052131081
Ontario Research Fund - Research Infrastructure,Small Infrastructure Fund - Round 059 - 2023 - November,43928,AI for Medical Imaging,"Dr. Khademi will use computational resources and novel artificial intelligence (AI) algorithms to improve quality of care (QoC). Computer-generated biomarkers from medical images improve accuracy, increase access to radiological and pathological expertise through remote diagnosis, and shorten Turn-Around-Times, healthcare access and QoC.",RDF2070199,"Medical and biomedical engineering, n.e.c. Medical image analysis",RDF1020104,Machine Learning,RDF2070104,Medical devices,null,null,Toronto Metropolitan University,University,Toronto,2024-06-28 00:00:00 UTC,2024-25,92129,264733,Dr.,April,null,Khademi,Capital,English,"Research and technology development, image analysis, machine learning, AI,medical imaging, neuro MRI, digital pathology, cancer, dementia",7109866,0.012957909
Ontario Research Fund - Research Infrastructure,Small Infrastructure Fund - Round 059 - 2023 - November,44024,"CERC in Waterborne Pathogens: Surveillance, Prediction and Mitigation","This proposal seeks to innovate, develop and validate novel sampling methods, rapid diagnostic tools, integrated treatment options for the surveillance, prediction and mitigation of waterborne pathogens. The research outcome benefits to Ontario include early warning of and more accurate responses to control waterborne disease.",RDF10,Natural sciences,RDF105,Earth & related environmental sciences,RDF10506,Environmental geoscience,RDF1050703,Surface water hydrology,University of Guelph,University,Guelph,2024-06-28 00:00:00 UTC,2024-25,199946,499866,Dr.,David,null,McCarthy,Capital,English,"water treatment, real time monitoring, water microbiology, waterborne pathogens, waterborne risks biosurveillance",182615,1.094904581
Ontario Research Fund - Research Infrastructure,Small Infrastructure Fund - Round 059 - 2023 - November,44119,Imaging Immunity in Chronic Disease and Cancer,"By applying state-of-the-art real-tie imaging methods to the burgeoning field of immunophysiology, this colaborative research will rpovide criitcal insight into imune system dynamics in inflammatory diseases and cancer, leading to novel treatments to improve health outcomes for patients in Ontario.",RDF30,"Medical, Health and Life Sciences",RDF207,Basic medicine and life sciences,RDF30101,Immunology,RDF3010107,Innate immunity,Queen's University,University,Kingston,2024-06-28 00:00:00 UTC,2024-25,800000,2716299,Dr.,Paul,null,Kubes,Capital,English,Immunity in Chronic Diseases and Cancer,192395,4.158112217
Ontario Research Fund - Research Infrastructure,Small Infrastructure Fund - Round 059 - 2023 - November,44138,Persistence of recent experiences in memory via spontaneous thought,"Dr. Bellana's research program examines how our recent experiences shape what we think about next. Using an innovative combination of computational and physiological tools, this work aims to advance our understanding of the intersection between memory and spontaneous thought in humans, with applications to mental health.",RDF50,Social Sciences,RDF304,Psychology and cognitive sciences,RDF50102,Cognitive sciences,RDF5010210,"Memory (including episodic and semantic memory, and working memory)",York University,University,Toronto,2024-06-28 00:00:00 UTC,2024-25,90376,226390,Dr.,Buddhika,null,Bellana,Capital,English,"naturalistic experimental design, event boundaries, web development, spontaneous thought",7109866,0.012711351
Ontario Research Fund - Research Infrastructure,Small Infrastructure Fund - Round 059 - 2023 - November,44158,Uncertainty-Aware Structural Identification Testbed for Bridge Infrastructure,"Prof. Lund seeks to enhance the capacity of Ontario’s municipalities to manage their aging bridge infrastructure through the development of novel techniques for uncertainty-aware damage identification and response prediction, vetted on a first-of-its-kind testbed for operational bridge vibration under simulated multi-vehicle loading.",RDF20-21,Engineering and technology,RDF201,Mechanical Engineering,RDF20499,Other Mechanical Engineering,RDF2049903,"Dynamics, vibration and vibration control",University of Waterloo,University,Waterloo,2024-06-28 00:00:00 UTC,2024-25,110000,275000,Dr.,Alana,null,Lund,Capital,English,"Structural Health Monitoring, Uncertainty Quantification, Structural Identification, Deterioration Modeling, Information Fusion, Vehicle-Bridge Interaction",699402,0.157277217
Ontario Research Fund - Research Infrastructure,Small Infrastructure Fund - Round 059 - 2023 - November,44163,Cardiovascular Biomechanics Measurement Facility for Blood Flow and Biomechanical Testing,"The proposed infrastructure will provide critical biomechanics infrastructure to develop, test, and validate novel computational tools for non-invasive blood flow measurements, advanced medical imaging technologies, and surgical planning platforms to facilitate patient-tailored treatments of cardiovascular diseases.",RDF2070102,Biomechanical Engineering,RDF106,Biomedical instrumentation,RDF2070199,"Medical and biomedical eng., n.e.c. - Pediatric Blood Flow Measurement",null,null,Toronto Metropolitan University,University,Toronto,2024-06-28 00:00:00 UTC,2024-25,78000,242916,Dr.,Muhammad Owais,null,Khan,Capital,English,"blood flow measurement, medical image based diagnostics, cardiovascular diseases, surgical planning",7109866,0.010970671
Ontario Research Fund - Research Infrastructure,Small Infrastructure Fund - Round 059 - 2023 - November,44182,Developing synthetic symbiotic bacterial consortia for mixed plastic upcycling,This project aims to develop artificial symbiotic bacterial communities for the bioconversion of mixed plastic wastes into valuable chemicals. This endeavor will help Ontario meet its goals of zero plastic waste and net-zero greenhouse gas GHG emissions to protect the environment and ensure sustainable development.,RDF10,Natural Sciences,RDF2010199,Biologicial Sciences,RDF10601,Biochemistry,RDF1060111,Synthetic biology,University of Waterloo,University,Waterloo,2024-06-28 00:00:00 UTC,2024-25,80000,208432,Dr.,Yilan,null,Liu,Capital,English,"Synthetic biology, Artificial bacterial consortia, Mixed plastic wastes, Bio-upcycling,  Automatic evolution, High-throughput Screening, Biomanufacturing, Sustainable development",699402,0.11438343
Ontario Research Fund - Research Infrastructure,Small Infrastructure Fund - Round 059 - 2023 - November,44190,An advanced laboratory to enable novel radio telescopes for cosmology and time-domain astrophysics,"The proposed research will establish an advanced laboratory to develop ground-breaking astronomical instruments. These instruments will enable us to address fundamental questions in the fields of cosmology and astrophysics, including the mysteries of the accelerated expansion of the universe and the nature of fast radio bursts.",RDF10,Natural Sciences,RDF2070101,Physical Sciences,RDF10301,Astronomical and space sciences,RDF1030104,Cosmology and extragalactic astronomy,University of Toronto,University,Toronto,2024-06-28 00:00:00 UTC,2024-25,400000,1000000,Dr.,Juan,null,Mena-Parra,Capital,English,"Observational cosmology, Dark energy, Hydrogen mapping, Fast radio bursts, Radio astronomy, Very­long­baseline interferometry, Large telescope arrays, Instrumentation, Digital signal processing, Data analysis",7109866,0.056259851
Ontario Research Fund - Research Infrastructure,Small Infrastructure Fund - Round 059 - 2023 - November,44191,Data Analytics in SErvices (DAISE),"We propose the establishment of the Data Analytics in SErvices (DAISE) lab that will focus on developing data analytics technologies and models to improve service systems. The outcomes of the laboratory would include making services more accessible, more efficient, and of higher quality.",RDF20-21,Engineering and technology,RDF509,"Industial, systems and processes engineering",RDF2020305,Stochastic models (including queueing and simulation),null,null,York University,University,Toronto,2024-06-28 00:00:00 UTC,2024-25,76520,217583,Dr.,Arik,null,Senderovich,Capital,English,"process mining, prescriptive analytics, service systems, queue mining, simulation modeling and mining.",7109866,0.010762509
Ontario Research Fund - Research Infrastructure,Small Infrastructure Fund - Round 059 - 2023 - November,44262,Conservation and Management Strategies to Biodiversity Loss in an Era of Global Change,"Although Ontario is home to the highest diversity of reptile species in Canada, it also supports the highest number of species at risk. This research aims to advance our understanding of the effects of climate-mediated disturbances on reptile habitat to support evidence-based policies for the conservation and management of species at risk.",RDF10,Natural Sciences,RDF1060210,Earth and related environmental sciences,RDF10510,Natural environment sciences,RDF1051008,Wildlife and habitat management,University of Waterloo,University,Waterloo,2024-06-28 00:00:00 UTC,2024-25,76000,190000,Dr.,Chantel,null,Markle,Capital,English,"wildlife, reptiles, spatial ecology, ecohydrology, habitat restoration, wetlands, climate change, landscape disturbances",699402,0.108664259
Ontario Research Fund - Research Infrastructure,Small Infrastructure Fund - Round 059 - 2023 - November,44295,Western X-ray Diffraction Unit,"The co-applicants will study synthetic and natural inorganic materials and use X-ray diffraction to explore and understand their properties. The targeted materials will be used to protect large infrastructure installations, explore mineralogy under conditions simulating those in space, and to sequester harmful CO2 and radioactive gases.",RDF10,Natural Sciences,RDF1020402,Chemical Sciences,RDF10402,Inorganic chemistry,RDF1040208,Environmentally sustainable human activities,Western University,University,London,2024-06-28 00:00:00 UTC,2024-25,800000,2000000,Dr.,Joe,B.,Gilroy,Capital,English,"materials discovery, functional coatings, mineralogy, CO2 sequestration, industrial waste purification/identification, space exploration",626875,1.276171486
Ontario Research Fund - Research Infrastructure,Small Infrastructure Fund - Round 059 - 2023 - November,44313,Sarcopenia and Musculoskeletal Interactions (SaMI) Collaborative Hub,"Dr. Andy Kin On Wong will examine the muscles and joints of people with knee osteoarthritis to assess their strength, activity, and balance in relation to pain during stair climbing. He will examine links between pain and how muscles, bone, and fat interact in the knee joint to better understand joint health and the mechanisms of osteoarthritis.",RDF30,"Medical, Health and Life Sciences",RDF103,Basic medicine and life sciences,RDF30107,Musculoskeletal Health and Human Movement,RDF3010799,"Other musculoskeletal health and human movement, n.e.c.",University Health Network,Research Hospital,Toronto,2024-06-28 00:00:00 UTC,2024-25,275080,687701,Dr.,Andy Kin On,null,Wong,Capital,English,"Muscle strength & power, muscle activity, sarcopenia, real-time pain, knee osteoarthritis, knee imaging, MRI, CT, MR Fingerprinting, artificial intelligence",7109866,0.038689899
Ontario Research Fund - Research Infrastructure,Small Infrastructure Fund - Round 059 - 2023 - November,44328,Permafrost Hydrogeology in a Changing Climate,"Climate change adaptation and mitigation in Canada's North will be supported collaboratively through multi-scale, community-based research questions using field, lab, and modelling approaches while integrating traditional knowledges and community priorities.",RDF10,Natural Sciences,RDF105,Earth & related environmental sciences,RDF10508,Cryosphere processes,RDF1050803,Permafrost,Queen's University,University,Kingston,2024-06-28 00:00:00 UTC,2024-25,90000,231007,Dr.,Elise,null,Devoie,Capital,English,"Climate Change, Cryosphere, Field Studies, Groundwater, Hydrology, Numerical Modelling, Permafrost, Semi-Analytical Methods, Water",192395,0.467787624
Ontario Research Fund - Research Infrastructure,Small Infrastructure Fund - Round 059 - 2023 - November,44355,Integrated platform for high-throughput investigation of cancer ecosystem evolution,"This innovative research will enable systematic discovery and characterization of the RNA regulatory network and its coordination with other gene regulatory layers that control cancer progression, therapy response, recurrence, and metastasus, leading to a new generation of biomarkers and therapeutic strategies for hard-to-treat cancers.",RDF30,"Medical, Health and Life Sciences",RDF301,Basic medicine and life sciences,RDF30102,Cancer,null,null,McMaster University,University,Hamilton,2024-06-28 00:00:00 UTC,2024-25,400000,1147045,Dr.,Hong,null,Han,Capital,English,"Cancer, RNA Biology, Gene regulation, Single-cell multi-omics, Bioinformatics, Systems biology, Functional genomics, Tumor ecosystem, Treatment resistance",862679,0.463671887
Ontario Research Fund - Research Infrastructure,Small Infrastructure Fund - Round 059 - 2023 - November,44360,Onkwehonwe Research Environment (ORE),"The Onkwehonwe Research Environment (ORE) will facilitate key activities and long-term initiatives focused on advanced Indigenous arts and technology research in the areas of Media Art, Virtual and Augmented Reality and Artificial Intelligence.",RDF6040601,Indigenous Performing Arts,RDF60407,Visual arts and media arts,RDF10201,Artificial intelligence (AI),RDF1020509,"Virtual and augmented reality, and related simulations",Western University,University,London,2024-06-28 00:00:00 UTC,2024-25,258176,645442,Dr.,Jackson Two Bears,null,Leween,Capital,English,"Indigenous Arts, Indigenous Culture, Indigenous History, Indigenous Philosophy, Indigenous Heritage, Media Arts, Artificial Intelligence, Virtual Reality, Data Visualization, Creative Practice.",626875,0.411846062
Ontario Research Fund - Research Infrastructure,Small Infrastructure Fund - Round 059 - 2023 - November,44377,"Museums, Art, and Sustainability","When it comes to climate change and mitigating waste, museums have an important role to play in educating and reaching wide audiences. However, museums themselves have large carbon footprints and waste streams. Through theoretical and materials research this proposal focuses on helping museums lessen their environmental footprints.",RDF60,Humanities and the arts,RDF60408,Curatorial and Related studies,RDF6040803,Museum studies,null,null,Western University,University,London,2024-06-28 00:00:00 UTC,2024-25,43213,108033,Dr.,Kirsty,null,Robertson,Capital,English,"museums, sustainability, contemporary art, pollution, waste, environment, curation",626875,0.068933998
Ontario Research Fund - Research Infrastructure,Small Infrastructure Fund - Round 059 - 2023 - November,44381,Targeting translation for tissue regeneration and repair.,"Unlike humans, axolotl salamanders regrow entire body parts, regenerate tissues and scarlessly seal wounds by controlling when and where “band aid” proteins that promote healing are made. This proposal will establish Canada’s first transgenic axolotl facility to identify new therapeutic targets to stimulate tissue regeneration and repair in humans",RDF30,"Medical, Health and Life Sciences",RDF304,Medical biotechnology,RDF30401,Medical biotechnology,RDF3040104,Regenerative medicine (including stem cells and tissue engineering),The Hospital for Sick Children,Research hospital,Toronto,2024-06-28 00:00:00 UTC,2024-25,515757,1289393,Dr.,Olena,null,Zhulyn,Capital,English,"regeneration, tissue repair, tissue rejuvenation, axolotl, mouse, ribosome, translation, protein synthesis, mTOR, stem cells, animal models of regeneration",7109866,0.07254103
Ontario Research Fund - Research Infrastructure,Small Infrastructure Fund - Round 059 - 2023 - November,44382,Heterochromatin regulation in development and inheritance,"When the genetic material, the genome, is not packaged properly, cells cannot fully perform their functions and diseases can arise, including cancers and brain disorders. The goal of this research is to understand in finer detail the processes and factors that control genome packaging and how they affect reproduction and brain development.",RDF10,Natural Sciences,RDF106,Biologicial Sciences,RDF10606,Genetics,RDF1060607,Gene regulation and expression,University of Toronto,University,Toronto,2024-06-28 00:00:00 UTC,2024-25,160000,403300,Dr.,Arneet,L.,Saltzman,Capital,English,"chromatin, epigenetics, small RNAs, gene regulation, Polycomb, neuronal development, C. elegans",7109866,0.02250394
Ontario Research Fund - Research Infrastructure,Small Infrastructure Fund - Round 059 - 2023 - November,44383,Biointerfacing Materials for Drug Delivery Lab,This research program aims to develop novel biomaterial drug delivery systems for improved treatment of chronic diseases. These biomaterials are dynamic and interact with biological markers for treatments that can control the location and timing of drug delivery.,RDF20-21,Engineering and technology,RDF207,Medical and biomedical engineering,RDF20701,Medical and biomedical engineering,RDF2070101,Biomedical materials,University of Toronto,University,Toronto,2024-06-28 00:00:00 UTC,2024-25,150000,375000,Dr.,Caitlin,null,Maikawa,Capital,English,"Drug Delivery, Biomaterials, Polymers",7109866,0.021097444
Ontario Research Fund - Research Infrastructure,Small Infrastructure Fund - Round 059 - 2023 - November,44389,"NMR tools to enable innovative molecule, material, and process design","Infrastructure is sought to enable the discovery of new organic molecules, including new catalysts to enable greener chemical synthesis and more rapid discovery of pharmaceuticals, new biological probe molecules to understand and inhibit radical-induced cell death, and new imaging agents to map inflammation and disease.",RDF10,Natural Sciences,RDF104,Chemical Sciences,RDF10403,Organic chemistry,RDF1040303,Organic chemical synthesis,University of Ottawa,University,Ottawa,2024-06-28 00:00:00 UTC,2024-25,416750,1041875,Dr.,Stephen,null,Newman,Capital,English,"NMR Spectroscopy, chemical synthesis, structure elucidation, molecular design",1291272,0.322743775
Ontario Research Fund - Research Infrastructure,Small Infrastructure Fund - Round 059 - 2023 - November,44392,Curating Reconciliation through XR Immersive Technologies,"Curating Reconciliation will mobilize Indigenous storytelling and performance through three Indigenized extended-reality technology infrastructures. Virtual reality exhibition galleries, geotagged smartphone APPs, and an interactive archives kiosk will facilitate cross-cultural encounters for knowledge sharing and community relationship building.",RDF60,Humanities and the arts,RDF604,"Arts (arts, history of arts, performing arts, music), architecture and design",RDF60408,Curatorial and related studies,RDF6040899,"Curatorial artworks and related studies, n.e.c.",York University,University,Toronto,2024-06-28 00:00:00 UTC,2024-25,83308,212095,Dr.,Anna,null,Hudson,Capital,English,"igital culture; curation; museology; XR technologies; virtual and augmented reality; Indigenous art, culture, performance, and storytelling; settler/diaspora",7109866,0.011717239
Ontario Research Fund - Research Infrastructure,Small Infrastructure Fund - Round 059 - 2023 - November,44419,Console for 15.2 T preclinical MRI,"Translating biological findings from mouse to human is essential for drug discovery research in Alzheimer's and other disorders. MRI is a critical tool in this translation, but because the mouse brain is X2600 smaller, imaging live mice with the equivalent resolution to humans requires the specialized MRI equipment requested in this proposal.",RDF30,"Medical, Health and Life Sciences",RDF301,Basic medicine and life sciences,RDF30104,"Neurosciences, medical and physiological and health aspects",RDF3010414,Neurodegeneration,Western University,University,London,2024-06-28 00:00:00 UTC,2024-25,800000,2325375,Dr.,Ravi,null,Menon,Capital,English,"fMRI, structural MRI, radio frequency coils, neurochemistry, optogenetics, chemogenetics, mouse models, neurodegeneration, cognition, drug discovery",626875,1.276171486
Ontario Research Fund - Research Infrastructure,Small Infrastructure Fund - Round 059 - 2023 - November,44429,Sex and sex-specific factors influencing brain health across the lifespan,"Sex differences exist in brain disease, yet research targeting sex as a factor in brain health is scarce. The proposed research program fills key knowledge gaps to generate tailored treatments for brain disease, establishing how sex and stress – and their related hormones – influence brain health in depression and Alzheimer's disease.",RDF1061105,Behavioural neuroscience of learning and memory,RDF3010417,"Neurogensesis and plasticity, medical and health aspects",RDF3010416,Neuroinflammation,null,null,Centre for Addiction and Mental Health,Research hospital,Toronto,2024-06-28 00:00:00 UTC,2024-25,800000,2000000,Dr.,Liisa,null,Galea,Capital,English,"sex differences, hormones, stress, aging, Alzheimer model, postpartum, reproductive experience, females, depression, neurogenesis, functional connectivity",7109866,0.112519701
Ontario Research Fund - Research Infrastructure,Small Infrastructure Fund - Round 059 - 2023 - November,44441,Scalable Biomanufacturing for a Net-Zero Economy,A novel scaling approach for biomanufacturing will be created to support the development of low-carbon chemical production. State-of-the-art monitoring equipment will be used to generate predictive performance models. These will be applied to the optimization of microbial polymer production using carbon dioxide (CO2)-derived feedstocks.,RDF20-21,Engineering and technology,RDF210,Industrial Biotechnoology,RDF21001,Industrial Biotechnology,RDF2100102,"Bioprocessing, bioproduction and bioproducts",University of Waterloo,University,Waterloo,2024-06-28 00:00:00 UTC,2024-25,84721,214457,Dr.,Christian,null,Euler,Capital,English,"Metabolic engineering, bioprocess engineering, process modelling,biotechnology, circular economy, bioplastics",699402,0.121133483
Ontario Research Fund - Research Infrastructure,Small Infrastructure Fund - Round 059 - 2023 - November,44446,Exercise and Environmental Physiology Laboratory,"Through establishing an Exercise and Environmental Physiology Laboratory, Dr. Mündel will realise what regulates body temperature, and how, across the human lifespan considering sex-specific responses when faced with extreme internal and external environments.",RDF30,"Medical, Health and Life Sciences",RDF301,Basic medicine and life sciences,RDF30107,Musculoskeletal health and human movement,RDF3010704,Excerise Physiology,Brock University,University,St. Catharines,2024-06-28 00:00:00 UTC,2024-25,205000,512500,Dr.,Toby,null,Mundel,Capital,English,"Exercise Physiology, Environmental Physiology, Heat Stress, Temperature Regulation, Caloric Restriction, Ovarian Hormones, Detection & Prediction of Heat Strain",493608,0.415309314
Ontario Research Fund - Research Infrastructure,Small Infrastructure Fund - Round 059 - 2023 - November,44467,Next-Generation Operation and Management of Urban Mobility,"This research project examines how transportation could change in the future and helps Canada develop a safer and greener transportation infrastructure.  It focuses on improving incident management, testing new transportation technologies, and developing strategies for autonomous mobility.",RDF20-21,Engineering and technology,RDF201,"Civil engineering, maritime engineering, transport engineering, and mining",RDF20103,Land transportation systems engineering,null,null,Western University,University,London,2024-06-28 00:00:00 UTC,2024-25,200000,500000,Dr.,Mohamed,null,Zaki Hussein,Capital,English,"Smart mobility operations and intelligent transportation systems, autonomous vehicles safety, automated traffic incident management, active mobility",626875,0.319042871
Ontario Research Fund - Research Infrastructure,Small Infrastructure Fund - Round 059 - 2023 - November,44472,Injectable filamentous hydrogels for regenerative medicine,"Dr. Prince's team will develop customizable injectable hydrogels that mimic the nanostructure, properties, and biochemistry of human tissues. They will develop new methods to synthesize these hydrogels and study their structure-property relationships. The injectable hydrogels will be used to promote tissue healing and regeneration.",RDF20-21,Engineering and technology,RDF207,Medical and biomedical engineering,RDF20701,Medical and biomedical engineering,RDF2070101,Biomedical materials,University of Waterloo,University,Waterloo,2024-06-28 00:00:00 UTC,2024-25,92689,258712,Dr.,Elisabeth,null,Prince,Capital,English,"Polymer synthesis, Materials characterisation, Hydrogels, Biomaterials,Injectable biomaterials,",699402,0.132526072
Ontario Research Fund - Research Infrastructure,Small Infrastructure Fund - Round 059 - 2023 - November,44473,The Fractured Rock and Cryo-hydrogeology Lab,"New tools and techniques will be developed to better study groundwater flow and contaminant transport in the bedrock that dominates cold regions across Canada. The hydrological and frozen processes studied aim to support the safety and sustainability of groundwater resources needed for drinking water, agriculture, and industry in Ontario.",RDF10,Natural Sciences,RDF105,Earth & related environmental sciences,RDF10507,Hydrology,RDF1050705,Hydrogeology,Queen's University,University,Kingston,2024-06-28 00:00:00 UTC,2024-25,100000,255406,Dr.,Stephanie,null,Wright,Capital,English,"Fractured rock hydrogeology, Cryo-hydrogeology, Permafrost thaw, Climate change adaptation, Isotope hydrogeology, Numerical modelling, Water resources,",192395,0.519764027
Ontario Research Fund - Research Infrastructure,Small Infrastructure Fund - Round 059 - 2023 - November,44474,"Bioenergy & value-added products from Non-conventional Organic Wastes, Toward Circular Economy/Climate Change Adaptation","By developing technologies for bioenergy production, the extraction of value-added products, and nutrients from diverse organic waste sources, this research project aims to contribute to Ontario's energy security, sustainable waste management, climate change adaptability, and clean-tech (low-carbon) industry development.",RDF20-21,Engineering and technology,RDF208,Environmental engineering and related engineering,RDF20801,Environmental engineering,RDF2080107,Waste management (including agricultural waste),University of Ottawa,University,Ottawa,2024-06-28 00:00:00 UTC,2024-25,391264,978160,Dr.,Majid,null,Sartaj,Capital,English,"Circular Economy, Climate change, Bioenergy, Bio-hydrogen, Biomethanation, Anaerobic digestion, Dark Fermentation, Lignocellulosic Waste, High nitrogen Waste, Value -added products.",1291272,0.303006648
Ontario Research Fund - Research Infrastructure,Small Infrastructure Fund - Round 059 - 2023 - November,44478,Laboratory for Low-Carbon Energy Infrastructure,"The project addresses geotechnical challenges specific to low-carbon nuclear energy, ensuring its safe implementation, public acceptance, and long-term sustainability. The outcomes will inform sustainable management of uranium tailings, foundation structures for small modular reactors (SMRs), and nuclear waste disposal.",RDF20-21,Engineering and technology,RDF201,"Civil engineering, maritime engineering, transport engineering, and mining",RDF20101,Civil engineering,RDF2010101,Geotechnical engineering,University of Ottawa,University,Ottawa,2024-06-28 00:00:00 UTC,2024-25,540275,1350688,Dr.,Mamadou,null,Fall,Capital,English,Geotechnical engineering; deep geological disposal of nuclear waste; nuclear energy; geoenvironmental engineering; soil mechanics; coupled processes in geotechnical systems.,1291272,0.418405262
Ontario Research Fund - Research Infrastructure,Small Infrastructure Fund - Round 059 - 2023 - November,44484,Impacts of environmental change on organismal movement,"Dr. Baines’ research, in the lab and natural environments, will respond to the current biodiversity crisis in Ontario by 1) determining how to promote the movement of native animal species impacted by climate change and habitat destruction and, 2) impeding the spread of invasive species and parasites.",RDF10,Natural Sciences,RDF106,Biologicial Sciences,RDF10603,Ecology (except applications),RDF1060307,Population ecology,University of Toronto,University,Toronto,2024-06-28 00:00:00 UTC,2024-25,212000,530000,Dr.,Celina,null,Baines,Capital,English,"dispersal, environmental change, habitat fragmentation, population persistence, population spread, host-parasite, invertebrate, model organism",7109866,0.029817721
Ontario Research Fund - Research Infrastructure,Small Infrastructure Fund - Round 059 - 2023 - November,44494,Machine learning for nanoporous materials design,"The Artificial Intelligence for Chemical Science research group is at the forefront of developing computational and machine learning methods to accelerate materials design and discovery. Our paramount objective is to drive innovative solutions to mitigate carbon emissions, with an emphasis on carbon capture and hydrogen storage.",RDF20-21,Engineering and technology,RDF205,Chemical Engineering,RDF2050101,Carbon capture engineering,RDF10407,Computational and theoretical chemistry,University of Toronto,University,Toronto,2024-06-28 00:00:00 UTC,2024-25,100000,250000,Dr.,Seyed Mohamad,null,Moosavi,Capital,English,"Materials Design and Discovery, Machine Learning, Molecular Simulation, Nanoporous materials, Metal-Organic Frameworks, Artificial Intelligence, Carbon Capture, Hydrogen, High-performance computing",7109866,0.014064963
Ontario Research Fund - Research Infrastructure,Small Infrastructure Fund - Round 059 - 2023 - November,44501,Indigenous Digital Dialogue Lab,"The Indigenous Digital Dialogue Lab will enable the recording, sharing, and preserving of Indigenous stories and languages. This innovative audio and video research infrastructure will provide a unique hub for community engagement with digital scholarship, representing an important investment in Indigenous media and knowledge.",RDF60,Humanities and the arts,RDF604,"Arts (arts, history of arts, performing arts, music), architecture and design",RDF60407,Visual Arts and Media Arts,RDF6040706,Digital Arts,McMaster University,University,Hamilton,2024-06-28 00:00:00 UTC,2024-25,75000,200082,Dr.,Chelsea,null,Gabel,Capital,English,"Indigenous digital storytelling and literacy laboratory; Indigenous health and well-being, digital technology, community engagement,Indigenous research methods, arts-based research methods",862679,0.086938479
Ontario Research Fund - Research Infrastructure,Small Infrastructure Fund - Round 059 - 2023 - November,44547,Investigating glial-mediated purinergic dysfunction in neurodevelopmental disorders,"This proposal focuses on gaining new insights into the underlying mechanisms of neurodevelopmental disorders, such as autism spectrum disorder, in children.  Dr. Scott's work focuses on correcting cellular and molecular deviations within the brain in order to develop new treatment approaches for this growing health care challenge.",RDF30,"Medical, Health and Life Sciences",RDF301,Basic medicine and life sciences,RDF30104,"Neurosciences, medical and physiological and health aspects",RDF3010418,Glial Cell Studies,University of Guelph,University,Guelph,2024-06-28 00:00:00 UTC,2024-25,79429,199841,Dr.,Angela,null,Scott,Capital,English,"glial cells, neurodevelopmental disorders, network activity mapping, calcium imaging, blood flow, behavioural analysis, drug discovery, purinergic signalling",182615,0.434953317
Ontario Research Fund - Research Infrastructure,Small Infrastructure Fund - Round 059 - 2023 - November,44569,Nanobubble-aided advanced photocatalytic treatment for emerging contaminant removal,"This program will develop innovative and feasible nanobubble-aided advanced photocatalytic treatment systems to remove emerging microbial and chemical contaminants to benefit Canadian municipal water supplies and small, rural, and remote communities.",RDF20-21,Engineering and technology,RDF208,Environmental engineering and related engineering,RDF20801,Environmental engineering,RDF2080105,Wastewater treatment (including water treatment processes),Queen's University,University,Kingston,2024-06-28 00:00:00 UTC,2024-25,100000,264744,Dr.,Xiaying,null,Xin,Capital,English,"Nanobubbles, Advanced Oxidation Processes, Nanofiltration, ZIF, Emerging Microbial and Chemical Contaminants, Climate Change",192395,0.519764027
Ontario Research Fund - Research Infrastructure,Small Infrastructure Fund - Round 059 - 2023 - November,44578,Identification and quantification of organic molecules from microbial ecosystems,A gas chromatograph–mass spectrometer (GC/MS) will be used to characterize microbial diversity and interactions within complex microbial ecosystems. Results will be used to help advance microbiology-derived biotechnological solutions to environmental issues and astrobiology site selection,RDF10,Natural Sciences,RDF106,Biologicial Sciences,RDF10607,Microbiology,RDF1060709,Environmental microbiology (including air microbiology),Carleton University,University,Ottawa,2024-06-28 00:00:00 UTC,2024-25,75001,223017,Dr.,Allyson,null,Brady,Capital,English,"mass spectrometry, gas chromatography, microbial ecology, lipid, biomarker, bioremediation, astrobiology",1291272,0.058083038
Ontario Research Fund - Research Infrastructure,Small Infrastructure Fund - Round 059 - 2023 - November,44583,Characterizing Mechanisms of Thrombosis and Hemostasis using Multiphoton Intravital Microscopy,This research project will expand investigation of mechanisms of thrombosis and hemostasis. The proposed infrastructure will allow the study of large vessels where these conditions occur. This will identify novel pathways and targets for drug development to improve the treatment of patients with thrombosis or bleeding disorders.,RDF30,"Medical, Health and Life Sciences",RDF302,Clinical Medicine,RDF30201,Cardiorespiratory Medicine and Hematology,RDF3020102,Hematology (Subclass),McMaster University,University,Hamilton,2024-06-28 00:00:00 UTC,2024-25,479927,1199818,Dr.,Peter,L.,Gross,Capital,English,"coagulation, bleeding, thrombosis, arterial thrombosis, venous thrombosis, hemophilia, hemarthrosis",862679,0.556321645
Ontario Research Fund - Research Infrastructure,Small Infrastructure Fund - Round 059 - 2023 - November,44608,Structural and functional assessments of diabetic skin microvasculature using photoacoustic imaging,Diabetes-induced changes in microvasculature cause serious complications. Our project will develop a new photoacoustic imaging technology to concurrently assess microvasculature structure and function in the skin. We will apply the technology to measure diabetes complications.,RDF20-21,Engineering and technology,RDF207,Medical and biomedical engineering,RDF2070103,Biomedical instrumentation (including diagnostics),null,null,Unity Health Toronto,Research Hospital,Toronto,2024-06-28 00:00:00 UTC,2024-25,102936,257340,Dr.,Eno,null,Hysi,Capital,English,"diabetic microvasculature, photoacoustic imaging, frequency domain analysis, radio frequency signal, signal processing",7109866,0.01447791
Ontario Research Fund - Research Infrastructure,Small Infrastructure Fund - Round 059 - 2023 - November,44618,Establishment of an AI-guided Personalized Medicine Discovery Facility,This proposal seeks to fund equipment for a new personalized medicine lab. Advanced artificial intelligence (AI)-models will recommend off-patent drugs to treat patient leukemia.  We will then experimentally test the efficacy of these drugs a novel tissue engineered platform to culture patient leukemia cells to validate the AI-model.,RDF30,"Medical, Health and Life Sciences",RDF20-21,Engineering and technology,RDF10,Natural sciences,null,null,York University,University,Toronto,2024-06-28 00:00:00 UTC,2024-25,140000,424369,Dr.,Eleftherios Terry,null,Sachlos,Capital,English,"personalized medicine, artificial intelligence, acute myeloid leukemia, drug screening, tissue engineering, regenerative medicine, AI fairness model",7109866,0.019690948
Ontario Research Fund - Research Infrastructure,Small Infrastructure Fund - Round 059 - 2023 - November,44634,Automation of functional genomics,"This proposal is to drive innovation and discovery by implementing laboratory automation that will increase the speed, scale and data quality of our research. Workflows spanning protocol iterations during technology development to essential high-frequency assays would be automated to accelerate University of Windsor led research.",RDF10,Natural Sciences,RDF106,Biologicial Sciences,RDF10606,Genetics,RDF1060609,Genomics,University of Windsor,University,Windsor,2024-06-28 00:00:00 UTC,2024-25,75001,195078,Dr.,Brian,null,DeVeale,Capital,English,"laboratory automation, genomics, CRISPR screening, cancer diagnosis and treatment",484698,0.154737589
Ontario Research Fund - Research Infrastructure,Small Infrastructure Fund - Round 059 - 2023 - November,44638,The Audience Experience Lab: Transforming Digital Media Production for Film and Games,"We seek to better understand how film and game language affect audience understanding and enjoyment of media. Using this knowledge, we will further explore how Artificial Intelligence technologies can improve the process of creating films and games, allowing Ontario’s vibrant media production industry to create better content at lower cost.",RDF10,Natural Sciences,RDF102,Computer and Information sciences,RDF10205,Human-centered computing,RDF1020501,Human-computer interaction,Carleton University,University,Ottawa,2024-06-28 00:00:00 UTC,2024-25,76500,192080,Dr.,David,null,Thue,Capital,English,"Digital Media Production, Applied Artificial Intelligence, Game Design, Film Language, Co-Creative Tools",1291272,0.059243908
Ontario Research Fund - Research Infrastructure,Small Infrastructure Fund - Round 059 - 2023 - November,44649,The cell-type-specific regulation of mRNA translation in health and disease,"The proposal aims to investigate the impact of mRNA translation dysregulation on cellular functions and its correlation with various diseases. The requested equipment setup at UWindsor examines cells’ physiological and behavioral attributes in neuronal communication, sensory perception, and circadian rhythms in health and disease.",RDF30,"Medical, Health and Life Sciences",RDF106,Biologicial Sciences,null,null,null,null,University of Windsor,University,Windsor,2024-06-28 00:00:00 UTC,2024-25,75001,198011,Dr.,Vijendra,null,Sharma,Capital,English,"mRNA translation, protein synthesis, synaptic plasticity, learning and memory, electrophysiology, cell signaling, neuroscience, neurodegenerative disorders",484698,0.154737589
Ontario Research Fund - Research Excellence,Research Excellence - Round 12,RE012-002,Improving Cancer and Alzheimer's Disease Diagnosis and Treatment Through Cutting-edge Molecular Imaging and Theranostics,"We will create advanced PET imaging and analysis software to detect early brain degeneration leading to dementia. Additionally, we will develop software to improve tumor treatment with radiation, optimizing cure potential while minimizing complications.",RDF30,"Medical, health and life sciences",RDF302,Clinical medicine,RDF30202,Clinical sciences,RDF3020218,"Radiology, nuclear medicine and medical imaging",Lawson Health Research Institute,Research Institute,London,2024-07-17 00:00:00 UTC,2024-25,1998568,7157083,Dr.,Ting-Yim,null,Lee,Operating,English,"PET Imaging, Targeted Radionuclide Therapy, Pharmacokinetic Modeling, Personalized Dosimetry, Alzheimer's",626875,3.188144367
Ontario Research Fund - Research Excellence,Research Excellence - Round 12,RE012-006,The Single-Surgery Multipurpose AntimicRobial ImplanT (SMART) Design Program to Improve Treatment for Periprosthetic Joint Infections (PJIs),"Periprosthetic joint infection (PJI) occurs when bacteria infect total joint replacements following surgery, and requires multiple surgeries for treatment. Our goal is to develop a Single-surgery Multipurpose AntimicRobial implanT (SMART) device that can stop these infections and preserve patient mobility.",RDF20-21,Engineering and technology,RDF207,Medical and biomedical engineering,RDF20701,Medical and biomedical engineering,RDF2070104,Medical devices,Ottawa Hospital Research Institute,Research Hospital,Ottawa,2024-07-17 00:00:00 UTC,2024-25,2000000,6000000,Dr.,Hesham,null,Abdelbary,Operating,English,"Titanium implant, surface coating, bacteriophage, biofilm, Staphylococcus aureus, antibiotics, prosthetic joint infection",1291272,1.548860349
Ontario Research Fund - Research Excellence,Research Excellence - Round 12,RE012-009,MRI-Compatible Innovations for Neuromodulation,"UHN is partnering with Synaptive Medical to build innovative MRI technology to realize the promise of neuromodulation therapy, the use of implanted devices to precisely treat neurological disorders, transforming care for conditions like epilepsy and Parkinson's.",RDF20-21,Engineering and technology,RDF207,Medical and biomedical engineering,RDF20701,Medical and biomedical engineering,RDF2070104,Medical Devices,University Health Network,Research Hospital,Toronto,2024-07-17 00:00:00 UTC,2024-25,1915633,5772524,Dr.,Ian,null,Connell,Operating,English,"Magnetic Resonance Imaging (MRI), MRI Engineering, Biomedical Engineering, Neuromodulation, Neurology, Brain ",7109866,0.269433067
Ontario Research Fund - Research Excellence,Research Excellence - Round 12,RE012-013,Development of Smart Salt Truck Technology for Improved Road Safety and Protection of Salt Vulnerable Areas,"             We aim to develop the next-generation of smart salt trucks for precision salt application, with real-time mobile road weather and surface monitoring to achieve higher road safety, reduced risk of traffic accidents, and better protection of salt vulnerable areas.",RDF20801,Environmental engineering,RDF20101,"Civil engineering, maritime engineering, transport engineering, and mining",RDS102,Environmental protection,RDF2010304,Road safety engineering,University of Guelph,University,Guelph,2024-07-17 00:00:00 UTC,2024-25,639000,2071552,Dr.,Bahram,null,Gharabaghi,Operating,English,Winter Road Maintenance; Smart Salt Trucks; Road Safety; Road Salt; Salt Vulnerable Areas; Sustainability,182615,3.49916491
Ontario Research Fund - Research Excellence,Research Excellence - Round 12,RE012-014,Improving environmental effects biomonitoring in freshwater ecosystems: A comparison of morphology-based and DNA-based approaches," This project will transform Ontario's capacity for mandatory biomonitoring in the natural resource sector by advancing DNA-based approaches to benthic invertebrate identification and analysis. Compared to current methods, these approaches will enable more rapid detection of impacts, improve reproducibility, and dramatically reduce costs.",RDF10,Natural Sciences,RDF106,Biological Sciences,RDF10604,Ecological Applications,RDF1060402,Ecosystem Function,University of Guelph,University,Guelph,2024-07-17 00:00:00 UTC,2024-25,1149369,3448457,Dr.,Robert,null,Hanner,Operating,English,"genomics, biomonitoring, DNA barcoding, eDNA metabarcoding, bioinformatics, environmental protection",182615,6.29394628
Ontario Research Fund - Research Excellence,Research Excellence - Round 12,RE012-022,"Making Ontario Buildings Smart: Driving adoption through scalable technology advances and novel business
strategies.","A multi-disciplinary consortium will develop a Pathway to Smart Building Adoption for Ontario to become a global leader in smart buildings. This proposal integrates new technology, innovation management, and implementation strategies to develop new products and build technical capacity for Ontario to lead the Smart Buildings market.",RDF20-21,Engineering and technology,RDF203,"Electrical engineering, computer engineering",RDF20302,Communications and networks technologies,RDF2030204,Internet of Things,Toronto Metropolitan University,University,Toronto,2024-07-17 00:00:00 UTC,2024-25,1977500,9800042,Dr.,Jennifer,null,McArthur,Operating,English,Smart Building; Systems Integration; Sustainability; Optimization; Human-Building Interaction; Decarbonization,7109866,0.278134637
Ontario Research Fund - Research Excellence,Research Excellence - Round 12,RE012-023,Utilizing novel geometric based deep learning and CAD tools to facilitate model fabrication for additive manufacturing processes,"Problematic CAD files cannot be built by 3D Printing without time-consuming remodeling. This has been identified as a significant issue. This project will provide a suite of CAD software solutions for the auto-mobility, aerospace, and medical industries, among others. ",RDF20-21,Engineering and technology,RDF102,Computer and information sciences,RDF10202,Theoretical computer science and computational mathematics,,,Toronto Metropolitan University,University,Toronto,2024-07-17 00:00:00 UTC,2024-25,612434,1837304,Dr.,Yeganeh,null,Bahoo Torudi,Operating,English,"Additive Manufacturing, CAD, Artificial Intelligence, Computational Geometry, Reverse Engineering, Manufacturing",7109866,0.086138614
Ontario Research Fund - Research Excellence,Research Excellence - Round 12,RE012-024,"Fintech Solutions for Financial Resilience in Ontario Homes, Workplaces and Schools","Financial wellness is a complex topic that have not been thoroughly studied through a data driven, financial modelling inclusive lens. With the assistance of machine learning, we will examine these data sources and look for subtle relationships and trends. The outcomes will be financial insights and solutions (Fintech) deployed for the benefit of all Canadians and the country as a whole.",RDF10,Natural Sciences,RDF101,Mathematics & Statistics,RDF10103,Statistics,RDF1010308,Actuarial Science and Mathematical Finance,Western University,University,London,2024-07-17 00:00:00 UTC,2024-25,1997800,5993352,Dr.,Matt,null,Davison,Operating,English,"Artificial Intelligence, Machine Learning, Fintech, Financial Wellness, Financial Resilience",626875,3.186919242
Ontario Research Fund - Research Excellence,Research Excellence - Round 12,RE012-026,"SITE-CAV: Secure, Intelligent and Trustworthy Ecosystem of Connected and Autonomous Vehicles","SITE-CAV will develop efficient and reliable communication protocols integrated with security-by-design frameworks; along with smart, user friendly and legal-aware decision support. This will help ensure Ontario develops connected and autonomous transportation systems to handle increased traffic, while reducing emissions. ",RDF20-21,Engineering and Technology,RDF203,"Electrical engineering, computer engineering, & information engineering",RDF20302,Communications and networks technologies,RDF2030212,Cyber-physical systems,University of Ottawa,University,Ottawa,2024-07-17 00:00:00 UTC,2024-25,999985,4337311,Dr.,Burak,null,Kantarci,Operating,English,"connected/autonomous vehicles, cybersecurity, 5G, network resilience, intelligent transportation, AI/ML, human fact",1291272,0.774418558
Ontario Research Fund - Research Excellence,Research Excellence - Round 12,RE012-027,Clinical Utility and Enhancements of a Pharmacogenomic Decision Support Tool for Mental Health Patients,We will develop a new enhanced pharmacogenomic testing panel (GenoTreat v2.0) using our collected clinical samples of mental health patients and test this panel in our prospectively followed samples of mental health patients.  GenoTreat v2.0 will improve the prescribing of medication for severe mental illnesses from trial-and-error to helping doctors find the right medication for an individual based on their specific set of DNA variants.,RDF30,"Medical, health and life sciences",RDF301,Basic medicine and life sciences,RDF30105,Pharmacology and pharmaceutical sciences,RDF3010502,Pharmacogenomics,Centre for Addiction and Mental Health,Research Hospital,Toronto,2024-07-17 00:00:00 UTC,2024-25,1480889,4442681,Dr.,James,null,Kennedy,Operating,English,"Pharmacogenetics, Psychiatric Genetics, Machine Learning, Artificial Intelligence ",7109866,0.208286485
Ontario Research Fund - Research Excellence,Research Excellence - Round 12,RE012-029,IMED: Immune Modulation for Enhanced Delivery,"IMED will develop ocular drug delivery vehicles to treat front and back of the eye diseases, using eye drops and contact lenses to address unmet clinical needs and minimize healthcare burden. Partnering with Ontario and international companies, IMED will commercialize entirely new classes of treatments for conditions of the eye.",RDF20-21,Engineering and Technology,RDF207,Medical and biomedical engineering,RDF20701,Medical and biomedical engineering,,,McMaster University,University,Hamilton,2024-07-17 00:00:00 UTC,2024-25,1999998,6067596,Dr.,Ryan,null,Wylie,Operating,English,"Local delivery,biomaterials,controlling inflammation,immune modulation,contact lenses,nanoparticles, ocular disease",862679,2.318357118
Ontario Research Fund - Research Excellence,Research Excellence - Round 12,RE012-030,Prescriptive Maintenance Technology as a Competitive Advantage for Ontario’s Advanced Manufacturing Industry,"Integrating AI technology into production is essential for revitalizing and growing Ontario's manufacturing sector. The team's prescriptive maintenance software is a comprehensive solution for keeping machines healthy, diagnosing problems, and recommending actions to maximize machine utilization and thereby boosting competitiveness.",RDF20-21,Engineering and Technology,RDF204,Mechanical engineering,RDF20403,Manufacturing engineering,,,McMaster University,University,Hamilton,2024-07-17 00:00:00 UTC,2024-25,2000000,6139853,Dr.,Stephen,null,Veldhuis,Operating,English,"Manufacturing, CNC, Sensors, 5G, Data analytics, Condition, Prescriptive, Maintenance, Performance, Productivity",862679,2.318359436
Ontario Research Fund - Research Excellence,Research Excellence - Round 12,RE012-033,Technological Innovations for Clinical MRI of the Brain at 7 Tesla,Sunnybrook Hospital in Toronto has recently purchased a state-of-the-art magnetic resonance imaging (MRI) system operating at ultrahigh magnetic field (7 Tesla). Innovative research and development work is proposed towards establishing important new roles for 7 Tesla MRI in medical brain imaging.,RDF20-21,Engineering and Technology,RDF207,Medical and biomedical engineering,RDF20701,Medical and biomedical engineering,,,Sunnybrook Health Sciences Centre,Research Hospital,Toronto,2024-07-17 00:00:00 UTC,2024-25,2000000,6000000,Dr.,Simon,null,Graham,Operating,English,"MRI, 7 T, brain anatomy and physiology, motion, spectroscopy, fast imaging, EEG, epilepsy, pediatric, concussion",7109866,0.281299254
Ontario Research Fund - Research Excellence,Research Excellence - Round 12,RE012-038,"Viticulture Innovation and Next-generation Oenology (VINO) Solutions: Strengthening Ontario’s Grape and Wine Sector for Climate Resilience, Innovation Excellence and Global Economic Leadership","VINO Solutions will strengthen Ontario's grape and wine industry through Canada's first Clean Plant Program for grapes and novel growing and fermenting approaches to increase resilience despite threats of climate change, pests, plant viruses, and global competition, with >$375M in short-term revenue to the Province and stakeholders.",RDF40,Agricultural and veterinary sciences,RDF401,"Agriculture, forestry, fisheries",RDF40103,Horticultural production,RDF4010304,Enology and viticulture,Brock University,University,St. Catharines,2024-07-17 00:00:00 UTC,2024-25,2000000,8136032,Dr.,Debra,null,Inglis,Operating,English,"Genomics, AI, virus, grapevines, IPM, True-to-type, yeast, wine, Climate change, Economic benefits",493608,4.051798188
Ontario Research Fund - Research Excellence,Research Excellence - Round 12,RE012-039,Powering Ontario's Grid Transformation and Electric Vehicle Fast Charging with Thermally Resilient Battery Energy Storage,Ground-breaking battery thermal management and thermal runaway mitigation strategies to enable thermally performant and fire-safe stationary battery energy storage systems for electric vehicle fast charging infrastructure and the electrical grid of the future.   ,RDF20-21,Engineering and technology,RDF204,Mechanical engineering,RDF20499,Other mechanical engineering,RDF2049909,Heat and mass transfer operations,University of Toronto,University,Toronto,2024-07-17 00:00:00 UTC,2024-25,986040,2958123,Dr.,Cristina,null,Amon,Operating,English,"Battery energy storage, thermal management, thermal runaway, thermal barriers, optimization",7109866,0.138686158
Ontario Research Fund - Research Excellence,Research Excellence - Round 12,RE012-041,HippoCamera: Digital memory rehabilitation to combat memory loss,"Toronto researchers developed the first memory rehabilitation technology based on how the brain supports memory. Proven to boost memory and enhance brain activity, they will validate its use in those with brain injury and dementia, creating a user-friendly commercially-viable product with social, economic, and leadership benefits for Ontario.",RDF303,Health Sciences,RDF30303,Rehabilitation medicine,RDF3030305,Mental health rehabilitation,,,University of Toronto,University,Toronto,2024-07-17 00:00:00 UTC,2024-25,669200,2007600,Dr.,Morgan,null,Barense,Operating,English,"digital health, memory rehabilitation, aging, dementia, acquired brain injury, epilepsy, neuroscience, memory disorder",7109866,0.09412273
Ontario Research Fund - Research Excellence,Research Excellence - Round 12,RE012-044,Hydrogen as a Sustainable Aviation Fuel – Combustion Research to Remove Impediments to Adoption in Gas Turbine Engines,"Hydrogen is a zero-carbon fuel that has considerable potential to provide significant reductions in green-house gas emissions to the commercial aviation sector.  However, there are significant challenges, knowledge gaps, and technical impediments related to the combustion of hydrogen that are currently preventing the adoption of this fuel in practical aviation combustors.  The proposed multi-year applied research program will seek to address these knowledge gaps and remove the impediments to the adoption of hydrogen as a sustainable aviation fuel (SAF), paving the way for its use in future aircraft engines.",RDF20-21,Engineering and Technology,RDF204,Mechanical Engineering,RDF20401,Aerospace Engineering,,,University of Toronto,University,Toronto,2024-07-17 00:00:00 UTC,2024-25,1980000,5940000,Dr.,Clinton,null,Groth,Operating,English,"Aviation Gas Turbine Engines, Green-House-Gas (GHG) Reduction, Sustainable Aviation Fuels (SAF), Hydrogen Combustion",7109866,0.278486261
Ontario Research Fund - Research Excellence,Research Excellence - Round 12,RE012-045,AI and Quantum Enhanced Astronomy,"We aim to shed new light on the nature of black holes, a fundamental and mysterious building block of the universe. We will develop and apply innovative machine learning and quantum detector tools for the next generation of optical black hole telescopes.",RDF10,Natural sciences,RDF103,Physical sciences,RDF10301,Astronomical and space sciences,RDF1030106,General relativity and gravitational waves in astronomical and space scie,University of Toronto,University,Toronto,2024-07-17 00:00:00 UTC,2024-25,2000000,5999260,Dr.,Aviad,null,Levis,Operating,English,"AI,Quantum astronomy,Black holes,Quantum detectors,Nanoelectronic device,high-TC",7109866,0.281299254
Ontario Research Fund - Research Excellence,Research Excellence - Round 12,RE012-049,Molecular dynamics modeling and screening of excipients for designing amorphous solid dispersion formulations of poorly-soluble drugs,"Computer-based modeling and advanced drug formulation technology will be integrated to overcome challenges with commercializing poorly soluble drug products into solid oral dosage forms, enhancing Ontario's competitive advantage in the pharmaceutical industry.",RDF30,"Medical, health and life sciences",RDF301,Basic medicine and life sciences,RDF30105,Pharmacology and pharmaceutical sciences,RDF3010504,"Drug discovery, design and delivery",University of Toronto,University,Toronto,2024-07-17 00:00:00 UTC,2024-25,1016960,3055316,Dr.,Xiao Yu (Shirley),null,Wu,Operating,English,"Controlled release, Coating, Excipients, Machine learning, Molecular dynamics, PC-SAFT, Poorly soluble drugs",7109866,0.143035045
Ontario Research Fund - Research Excellence,Research Excellence - Round 12,RE012-050,Radio Technologies for Unleashing the Commercial Potential of 6G Mid-Band Communication Systems,"This project targets the development of commercially viable radio systems for mid-band 6G communication. Our focus is on designing and testing DSP algorithms, transceivers, and antennas, reaching high technology readiness prototypes, and ensuring practicality and relevance amidst significant challenges in 6G development.",RDF20-21,Engineering and technology,RDF203,"Electrical engineering, computer engineering, and information eng.",RDF20305,"Electromagnetics, photonics and optics",RDF2030504,Microwave theory and techniques,University of Waterloo,University,Waterloo,2024-07-17 00:00:00 UTC,2024-25,2000000,6413027,Dr.,Slim,null,Boumaiza,Operating,English,"Microwave and millimeter wave, integrated circuits, beamforming systems, antenna arrays, digital signal processing,",699402,2.85958576
Ontario Research Fund - Research Excellence,Research Excellence - Round 12,RE012-052,Driving the Future of Sustainability in Automotive Industry: the Cold Spray Enabler,"The research leverages CS for novel applications in vehicle weight reduction and emissions control. It enables novel dissimilar material joining via coating, minimizes waste through advanced component repair, and enhances EV battery heat management through 3D printing, resulting in breakthroughs in making vehicles lighter and eco-friendlier.",RDF20-21,Engineering and technology,RDF204,Mechanical engineering,RDF20403,Manufacturing engineering,RDF2040306,Manufacturing processes and technologies (except textiles),University of Waterloo,University,Waterloo,2024-07-17 00:00:00 UTC,2024-25,2000000,7246533,Dr.,Hamid,null,Jahed,Operating,English,Cold Spray Technology; Lightweighting; Emission Reduction; Dissimilar Joints; EV Batteries; RSW; Laser Welds,699402,2.85958576
Ontario Research Fund - Research Excellence,Research Excellence - Round 12,RE012-011,Advanced solutions to human lung preservation and assessment using artificial intelligence,"For sick patients in need of a lung transplant, the main limiting factor is a lack of available donor lungs. Our team at UHN lead the world in transplant innovation, and our goal is to develop advanced technologies to identify more donor lungs that are suitable for a life-saving transplant.",RDF30,"Medical, health and life sciences",RDF302,Clinical Medicine,RDF3020105,Respiratory Sciences,,,University Health Network,Research Hospital,Toronto,2024-10-21 00:00:00 UTC,2024-25,2000000,6000000,Dr.,Shaf,null,Keshavjee,Operating,English,"Artificial intelligence, lung transplantation, lung preservation, solutions, translational research, commercialization ",7109866,0.281299254
Ontario Research Fund - Research Excellence,Research Excellence - Round 12,RE012-019,Integrating AI technologies with disease transmission dynamics models for informed decision making for the prevention and control of disease outbreaks in indoor and mass gathering settings,"We develop a novel AI platform that integrates machine learning, computational fluid dynamics and  agent-based simulation, and disease transmission modeling, with epidemiology to support the public health practice and decision making for the control and prevention of viral infections in indoor environments and mass gathering events. ",RDF10201,Artificial Intelligence,RDF3030211,Epidemiology,RDF1010204,Mathematical modelling and simulation,RDF1020509,"Virtual and augmented reality, and related simulations",York University,University,Toronto,2024-10-21 00:00:00 UTC,2024-25,2000000,6750000,Dr.,Jianhong,null,Wu,Operating,English,"AI, Architectural Design, Computational Fluid Dynamics, Agent Based Modeling, Disease Modeling and Control",7109866,0.281299254
Ontario Research Fund - Research Excellence,Research Excellence - Round 12,RE012-035,Conversion of astrocytes to neurons to treat neurodegenerative diseases of the brain and the eye.,"Our novel gene therapy approach is designed to replace lost neuronal populations in the brains of patients with neurodegenerative disorders or post-brain injury (e.g. stroke) as a strategy to improve cognitive, sensory and/or motor function.",RDF30,"Medical, health and life sciences",RDF304,Medical biotechnology,RDF3040102,Medical biotechnology diagnostics (including biosensors),RDF3040104,Regenerative medicine (including stem cells and tissue engineering),Sunnybrook Health Sciences Centre,Research Hospital,Toronto,2024-10-21 00:00:00 UTC,2024-25,2000000,6081669,Dr.,JoAnne,null,McLaurin,Operating,English,"neurodegenerative diseases, transcription factors, neuronal reprogramming, astrocytes, neurons, regeneration",7109866,0.281299254
Ontario Research Fund - Research Excellence,Research Excellence - Round 12,RE012-040,"Next-Gen Electric Vehicle Battery Systems: Lightweight, Thermally Performant and Fire Safe for all Climates"," This project will deliver critical innovations in battery thermal management and lightweight structural battery pack components, create new start-ups with well-paid jobs, nurture highly skilled professionals in electric vehicle technologies, and promote economic growth to place Ontario's auto industry back into its global leadership position.",RDF20-21,Engineering and technology,RDF204,Mechanical engineering,RDF20402,Automotive engineering,RDF2040202,Automotive engineering materials,University of Toronto,University,Toronto,2024-10-21 00:00:00 UTC,2024-25,1998500,5995500,Dr.,Cristina,null,Amon,Operating,English,"Electric vehicles batteries, thermal management, lightweight carbon composites, multidisciplinary design ",7109866,0.281088279
Ontario Research Fund - Research Excellence,Research Excellence - Round 12,RE012-042,RECYCLEAN: Critical Minerals Recycling & Re-manufacturing for the Energy Transition,"RECYCLEAN is a research initiative pioneering the recycling of critical minerals and solid electrolytes used in clean hydrogen production and carbon capture technologies. Our research, directly supported by Canadian and global industry leaders, is pursuing innovation that is essential to the future of Ontario's energy system and economy.",RDF10,Natural Sciences,RDF104,Chemical Sciences,RDF10406,Physical Chemistry (including structural),RDF1040602,Electrochemistry,University of Toronto,University,Toronto,2024-10-21 00:00:00 UTC,2024-25,2000000,6000000,Dr.,Aimy,null,Bazylak,Operating,English,"Precious group metals, recycling, perfluorosulfonic acid, fuel cells, electrolyzers, membrane electrode assembly",7109866,0.281299254
Ontario Research Fund - Research Excellence,Research Excellence - Round 12,RE012-046,"Picosecond InfraRed Laser (PIRL) ""Cancer Knife"" with Complete Biodiagnostics via Spatial Imaging Mass Spectrometry","The Picosecond InfraRed Laser (PIRL) “Cancer Knife” enables the removal of cancer anywhere in the body with no trauma, facilitating site-selective chemotherapy and microbiopsies to detect disease at the earliest possible stage, providing a higher quality of life. ",RDF30,"Medical, Health and Life Sciences",RDF301,Basic Medicine and Life Sciences,RDF30102,Cancer,RDF3010299,"Cancer, n.e.c",University of Toronto,University,Toronto,2024-10-21 00:00:00 UTC,2024-25,1249640,3792600,Dr.,R. J. Dwayne,null,Miller,Operating,English,"Picosecond Infrared Laser-Ohmics, PIRL Cancer Knife, Microbiopsy, Molecular Fingerprints",7109866,0.1757614
Ontario Research Fund - Research Excellence,Research Excellence - Round 12,RE012-047,"A New Generation of Compact, Transportable Mass Spectrometers for Rapid, In-Field Sample Analysis","The goal of this project is to develop compact tandem mass spectrometers for rapid in-field analysis of samples by addressing some of the most important limitations of mass spectrometry. The result will have environmental, clinical, mining, and food applications.",RDF10,Natural Sciences,RDF104,Chemical Sciences,RDF10401,Analytical Chemistry,RDF1040101,Analytical Spectrometry,University of Toronto,University,Toronto,2024-10-21 00:00:00 UTC,2024-25,1516900,4552240,Dr.,Javad,null,Mostaghimi,Operating,English,"Transportable Mass-Spectrometer, In-field Sample Analysis, Environmental Protection, Mineral Exploration",7109866,0.213351419
Ontario Research Fund - Research Excellence,Research Excellence - Round 12,RE012-051,Designing the Next-G Platform for Future 5G and Beyond Applications,"Mobile telecommunication networks and services are a cornerstone of modern society. This project devises key infrastructure technology for 5G and 6G mobile services that will facilitate breakthroughs in critical economic sectors in Ontario and Canada, such as mining, manufacturing, logistics, and healthcare. ",RDF20-21,Engineering and technology,RDF203,"Electrical engineering, computer engineering, and information engineerin",RDF20302,Communications and networks technologies,,,University of Waterloo,University,Waterloo,2024-10-21 00:00:00 UTC,2024-25,2000000,6000000,Dr.,Raouf,null,Boutaba,Operating,English,"5G, 6G, network slicing, multi-access edge computing, network management, machine learning, service architecture",699402,2.85958576
Ontario Research Fund - Research Excellence,Research Excellence - Round 12,RE012-054,Enabling Sustainable Commercialization of Metal Additive Manufacturing for Serial Production of Multi-Scale Products through Holistic In-Situ Monitoring and Quality Assurance,"This initiative will foster transformative research and commercialization opportunities on intelligent metal AM and will bolster the technology readiness levels of key in-situ monitoring systems and quality assurance algorithms, while advancing them toward commercialization and standardization. ",RDF10,Natural Sciences,RDF204,Mechanical Engineering,RDF20403,Manufacturing engineering,RDF2040306,Manufacturing processes and technologies,University of Waterloo,University,Waterloo,2024-10-21 00:00:00 UTC,2024-25,2000000,7508036,Dr.,Ehsan,null,Toyserkani,Operating,English,"Additive manufacturing, In-situ monitoring, Quality assurance, Modeling, Advanced materials, Laser-based AM",699402,2.85958576
Ontario Research Fund - Research Infrastructure,Small Infrastructure Fund - Round 060 - 2024 - March,44839,Infrastructure to support the Multi-stressor Conservation Physiology Laboratory,"Fish and birds that are dependent on freshwater ecosystems face multiple stressors that can threaten their health and survival. Equipment to establish the Multi-stressor Conservation Physiology Laboratory will enable research that uses measures of physiology and behaviour to conserve fish and birds, including Ontario’s species at risk.",RDF10,Natural Sciences,RDF106,Biological Sciences,RDF10603,Ecology (except applications),null,null,Algoma University,University,Sault Ste. Marie,2024-10-21 00:00:00 UTC,2024-25,74998,187499,Dr.,Christine,null,Madliger,Capital,English,"conservation physiology, fish ecology, aquatic ecosystems, animal behaviour, transport stress",88334,0.849027555
Ontario Research Fund - Research Infrastructure,Small Infrastructure Fund - Round 060 - 2024 - March,44850,Integrative approaches to disentangle network structure in territorial songbirds,This project will explore how songbirds engage in network communication behaviours and how connected their networks are. Communication is important for survival and reproduction and understanding their function is important for managing populations where anthropogenic disturbance can disrupt communication behaviour and affect fitness.,RDF1060301,Behavioural Ecology,RDF1061011,Bird Biology,RDF1061001,Animal Behaviour,null,null,Algoma University,University,Sault Ste. Marie,2024-10-21 00:00:00 UTC,2024-25,32040,80101,Dr.,Jennifer,null,Foote,Capital,English,"acoustic localization, sound transmission, song amplitude measurement, communication networks, higher-order network structures, song playback",88334,0.362714244
Ontario Research Fund - Research Infrastructure,Small Infrastructure Fund - Round 060 - 2024 - March,44653,Urban aeroconservation for regionally migrating bats,"This project will provide critical data to inform Ontario’s wildlife conservation efforts, including for urban wildlife and to better understand potential viral transmission by studying endangered bats. Bat movements through aerial habitats in Ottawa and the Greater Toronto Area will be studied using mobile wildlife tracking stations.",RDF10,Natural Sciences,RDF106,Biological Sciences,RDF10603,Ecology (except applications),null,null,Carleton University,University,Ottawa,2024-10-21 00:00:00 UTC,2024-25,75001,190178,Dr.,Christina,null,Davy,Capital,English,"Urban aeroconservation, bat migration, maternity habitats, hibernation, habitat fragmentation",1291272,0.058083038
Ontario Research Fund - Research Infrastructure,Small Infrastructure Fund - Round 060 - 2024 - March,44393,Advancing neuromodulation for pediatric rehabilitation,"This proposed research utilizes advanced neuromodulation (e.g., robotic-assisted neuronavigation, novel protocols to shorten administration time and flexible delivery options) to reduce participation burden and facilitate neuroplasticity for improved rehabilitation outcomes in children with neurodevelopmental and acquired disorders.",RDF3010415,Neurodevelopment,RDF3010403,Motor Systems,RDF3030399,"Rehabilitation medicine, n.e.c. -Pediatrics,speech,language,cognitive,motor",null,null,Holland Bloorview Kids Rehabilitation Hospital,Research Hospital,Toronto,2024-10-21 00:00:00 UTC,2024-25,238995,619110,Dr.,Deryk,null,Beal,Capital,English,"neuromodulation, neurorehabilitation, brain stimulation, robot guided neuronavigation, electroencephalography (EEG), magnetic resonance imaging (MRI)",7109866,0.033614558
Ontario Research Fund - Research Infrastructure,Small Infrastructure Fund - Round 060 - 2024 - March,44845,Advanced imaging and manipulation of hippocampal activity patterns linking memories across time,This proposal requests cutting-edge microscopy-related equipment for a research program that will elucidate how neuronal networks in the brain encode memories and link them across time. This research will yield unprecendented insights on how neural circuit dysfunction leads to memory impairment.,RDF30,"Medical, health and life sciences",RDF301,Basic medicine and life sciences,RDF30104,"Neurosciences, medical and physiological and health aspects",null,null,The Hospital for Sick Children,Research Hospital,Toronto,2024-10-21 00:00:00 UTC,2024-25,733941,1834853,Dr.,Jiannis,null,Taxidis,Capital,English,"memory, hippocampus, mouse, calcium imaging, voltage imaging, optogenetics,",7109866,0.103228528
Ontario Research Fund - Research Infrastructure,Small Infrastructure Fund - Round 060 - 2024 - March,44297,Innovative Avian Mobile Laboratory to Study the Direct and Indirect Effects of Climate Change and Pollution on Birds,The research project will focus on the interactive effects fo the climate change and multiple stressors such as pollution on avian wildlife. Understandin how multiple stressors interact with climate change to affect avian wildlife is important for predicting forecasted climate change scenarios in Ontario and identifying species at risk.,RDF10,Natural Sciences,RDF106,Biological Sciences,RDF10603,Ecology,null,null,McMaster University,University,Hamilton,2024-10-21 00:00:00 UTC,2024-25,150000,418513,Dr.,Emily,null,Choy,Capital,English,"Climate change, heat tolerance, ecophysiology, energetics",862679,0.173876958
Ontario Research Fund - Research Infrastructure,Small Infrastructure Fund - Round 060 - 2024 - March,44508,Laboratory for the Development and Deployment of Magnetically Actuated Soft Robots for Medical Applications,"Magnetic microrobots have immense potential for applications ranging from targeted drug delivery in medicine to microscale precision manufacturing. This project aims to overcome technical challenges related to the design, fabrication and actuation of magnetic microrobots, leading to socio-economic benefits to Canadian society.",RDF20-21,Engineering and technology,RDF207,Medical and biomedical engineering,RDF20701,Medical and biomedical engineering,null,null,McMaster University,University,Hamilton,2024-10-21 00:00:00 UTC,2024-25,250000,625035,Dr.,Onaizah,null,Onaizah,Capital,English,"soft robots, microbots, magnetic actuation, design and fabrication, material characterization, control systems, vision and sensing, medical robots",862679,0.28979493
Ontario Research Fund - Research Infrastructure,Small Infrastructure Fund - Round 060 - 2024 - March,44688,Infrastructure to enable high-dimensional genomic and epigenomic analyses to understand placental dysfunction,"By generating large genomic datasets, the Wilson lab seeks to (i) understand placental develop, (ii) unravel the molecular underpinnings of maternal adaptation to pregnancy and (iii) develop non-invasive methods to assess pregnancy and placental health.",RDF30,"Medical, health and life sciences",RDF302,Clinical Medicine,RDF30205,Pediatrics and reproductive medicine,null,null,McMaster University,University,Hamilton,2024-10-21 00:00:00 UTC,2024-25,92415,422184,Dr.,Samantha,null,Wilson,Capital,English,"Genomics and epigenomics, machine learning, bioinformatics, computational biology, large-scale data analysis, pregnancy and placental development",862679,0.107125594
Ontario Research Fund - Research Infrastructure,Small Infrastructure Fund - Round 060 - 2024 - March,44750,Brain mechanisms of rhythm perception: New methods to understand the impact of the motor system on auditory perception,"The research will develop new infrastructure for the study of real-world cognition in humans. It will define neural circuits that underlie complex, cooperative behaviours using real-time imaging of brain and body together with new neurostimulation techniques. It will introduce new breakthroughs in infrastructure to study the human brain to Ontario.",RDF5010201,"Sensory processes, perception and performance",RDF5010208,Cognitive behaviour,RDF2030309,Bio-signal processing and analysis,null,null,McMaster University,University,Hamilton,2024-10-21 00:00:00 UTC,2024-25,220000,627785,Dr.,John,null,Iversen,Capital,English,"cognition, perception, action, interaction, rhythm, learning, brain",862679,0.255019538
Ontario Research Fund - Research Infrastructure,Small Infrastructure Fund - Round 060 - 2024 - March,44807,Advancing energy systems for use in unsteady and turbulent environments,"The proposal addresses challenges in Canada's energy industry, focusing on the impact of turbulence on energy systems like wind power, nuclear reactors and integrated community energy systems. It seeks to improve the efficiency and sustainability of energy generation and distribution by overcoming the limitations of current empirical m",RDF20-21,Engineering and technology,RDF204,Mechanical Engineering,RDF20499,Other Mechanical Engineering,null,null,McMaster University,University,Hamilton,2024-10-21 00:00:00 UTC,2024-25,150000,389711,Dr.,Chris,null,Morton,Capital,English,"gusts, unsteady flow, turbulence, energy harvesting, wind turbines, small modular reactor, energy system",862679,0.173876958
Ontario Research Fund - Research Infrastructure,Small Infrastructure Fund - Round 060 - 2024 - March,44834,Space-time mechanisms of pattern control during vertebrate embryo segmentation,"Vertebrate embryos from fish to humans establish a segmented body plan during early development, patterning their head to tail axis. Requested infrastructure will combine light-sheet imaging and camera-based spectroscopy. The research will reveal the molecular mechanisms of cellular decision-making for precise embryo patterning.",RDF10,Natural Sciences,RDF106,Biology,RDF10610,Zoology,null,null,McMaster University,University,Hamilton,2024-10-21 00:00:00 UTC,2024-25,200000,520237,Dr.,Muhammed,Fethullah,Simsek,Capital,English,"Cell signalling, tissue patterning, morphogen, vertebrae, developmental defects, somite, biophysics, systems biology, ligand diffusion, correlation spectroscopy",862679,0.231835944
Ontario Research Fund - Research Infrastructure,Small Infrastructure Fund - Round 060 - 2024 - March,44851,Completing Next Generation Holographic Technology and XR Research,The OCAD University PHASE Lab will acquire new technologies to aid in its exploration of high-impact synthetic reality. This research will advance application of next-generation holography for cultural artifact preservation and NFT authentication; the project will also apply novel augmented reality to model climate change impacts for the public.,RDF60,Humanities and the arts,RDF604,"Arts (arts, history of arts, performing arts, music), architecture and design",RDF60407,Visual arts and media arts,null,null,Ontario College of Art and Design University,University,Toronto,2024-10-21 00:00:00 UTC,2024-25,50636,126677,Dr.,Michael,null,Page,Capital,English,"3D Visualization, Digital Holography, Synthetic Reality, Photonics, Coherence light & Optics, Virtual Reality",7109866,0.007121935
Ontario Research Fund - Research Infrastructure,Small Infrastructure Fund - Round 060 - 2024 - March,44598,"Diverse, Perceptive and Intelligent Wireless Infrastructure for 6G and Beyond","ORF-RI funding will support the development of an inclusive wireless ecosystem of interconnected intelligence to address the digital divide, provide universal access to high-quality 6G services and foster automation.",RDF10,Natural Sciences,RDF102,Computer and Information sciences,RDF10204,Computing systems,null,null,Queen's University,University,Kingston,2024-10-21 00:00:00 UTC,2024-25,220000,579303,Dr.,Hesham,null,Elsawy,Capital,English,"mmWave & THz communications, joint communications & sensing, connected intelligence & computing, distributed & federated learning, democratized edge computing",192395,1.14348086
Ontario Research Fund - Research Infrastructure,Small Infrastructure Fund - Round 060 - 2024 - March,44811,Magnetic Micromanipulation System for Mechanical Measurement and Stimulation of Brain Tumor,"Our research aims to develop advanced microrobotic technologies for tumor diagnosis and treatment. Through model and control, we seek to measure tumor characteristics, induce tumor cell death and capture circulating tumor cells. This innovative program aims to propel cancer research and foster growth of start-up companies in Ontario.",RDF20-21,Engineering and technology,RDF207,Medical and biomedical engineering,RDF20701,Medical and biomedical engineering,null,null,Queen's University,University,Kingston,2024-10-21 00:00:00 UTC,2024-25,120000,300000,Dr.,Xian,null,Wang,Capital,English,"Microrobots, Magnetic Micromanipulation, Medical Robotics, Cell Mechanics, Mechanobiology",192395,0.623716833
Ontario Research Fund - Research Infrastructure,Small Infrastructure Fund - Round 060 - 2024 - March,44891,Integrated photonics for massive entanglement generation,"This proposal aims to build novel light-based chips for the generation of entanglement, the key resource of transformational quantum technologies. To do so, nanoscale structures will be engineered, fabricated and interfaced with artificial atoms to create stable systems capable of building delicate correlations between photons on-demand.",RDF10,Natural Sciences,RDF103,Physical Sciences,RDF10303,"Atomic, molecular and optiacal phsics",null,null,Queen's University,University,Kingston,2024-10-21 00:00:00 UTC,2024-25,402000,1009110,Dr.,Nir,null,Rotenberg,Capital,English,Integrated quantum photonics; Entanglement generation; Solid-state quantum emitters; On-demand quantum photonic devices,192395,2.089451389
Ontario Research Fund - Research Infrastructure,Small Infrastructure Fund - Round 060 - 2024 - March,41148,Multi-Material Robotics Research (M2R2) Lab,"This project aims to address the challenges of human-robot interaction and robot mobility necessary for advanced future applications of automation in the “real-world” through the use of novel materials, innovative design techniques and emerging fabrication tools.",RDF20-21,Engineering and technology,RDF204,Mechanical engineering,RDF20499,Other mechanical engineering,null,null,Queen's University,University,Kingston,2024-10-21 00:00:00 UTC,2024-25,125000,315078,Dr.,Matthew,null,Robertson,Capital,English,"Soft robotics, soft materials, smart materials, functional materials, wearable robotics, interactive robotics, human robot interaction, origami robotics",192395,0.649705034
Ontario Research Fund - Research Infrastructure,Small Infrastructure Fund - Round 060 - 2024 - March,41364,Supercapacitors: The Future of Energy Storage,"In this research program, a new energy storage technology based on super-capacitors will be developed. The proposed energy storage technology will address two chief challenges with existing storage technologies, namely low energy density and low reliability and it will also offer ultra-high life cycles.",RDF20-21,Engineering and technology,RDF203,"Electrical engineering, computer engineering, and information engineering",RDF20304,Electrical energy systems,null,null,Queen's University,University,Kingston,2024-10-21 00:00:00 UTC,2024-25,125000,316094,Dr.,Majid,null,Pahlevani,Capital,English,"Energy Storage Systems, Electronics, Power Conversion, Renewable Energy Systems, Supercapacitors",192395,0.649705034
Ontario Research Fund - Research Infrastructure,Small Infrastructure Fund - Round 060 - 2024 - March,40483,"Advancing Edge, Cyber-Physical and Autonomous Systems for Smart Infrastructure","Tomorrow’s Ontario will be built on systems that collect data and use insights gained to efficiently manage assets, services and resources. QUARRG’s research will innovate AI-enabled distributed data collection, analysis and decision-making to position Ontario as a world leader in smart applications.",RDF10,Natural Sciences,RDF102,Computer and information sciences,RDF10204,Computer and information sciences,null,null,Queen's University,University,Kingston,2024-10-21 00:00:00 UTC,2024-25,400000,1076432,Dr.,Sidney,null,Givigi,Capital,English,"Multi-Access Edge Intelligence, Democratized Edge Computing, Integration ofAutonomous Systems, Machine Learning for Cyber-Physical and Autonomous Systems",192395,2.079056109
Ontario Research Fund - Research Infrastructure,Small Infrastructure Fund - Round 060 - 2024 - March,44457,Next-Generation Vibrational Imaging Platform for Biomedical Research and Applications,"Dr. Chenxi Qian and his team aim to develop innovative label-free tissue imaging platforms, leveraging physics, chemistry and computational tools, to address a series of unmet challenges in biomedical research and patient care, such as improving the efficiency of histopathology and diagnosis.",RDF20-21,Engineering and technology,RDF207,Medical and biomedical engineering,RDF20701,Medical and biomedical engineering,null,null,Sunnybrook Health Sciences Centre,Research Hospital,Toronto,2024-10-21 00:00:00 UTC,2024-25,630000,1575000,Dr.,Chenxi,null,Qian,Capital,English,AI-enabled stimulated Raman scattering imaging and diagnosis,7109866,0.088609265
Ontario Research Fund - Research Infrastructure,Small Infrastructure Fund - Round 060 - 2024 - March,44694,Mechanisms regulating the stem cell niche in tissue regeneration and aging at single cell and spatial resolution,This proposed work uses cutting edge genomic analysis technology at single cell and spatial resolution to uncover the mechanisms governing the fundamental support systems that regulate stem cell activity in health and why they fail in disease and as we age.,RDF30,"Medical, health and life sciences",RDF304,Medical biotechnology,RDF30401,Medical biotechnology,null,null,Sunnybrook Health Sciences Centre,Research Hospital,Toronto,2024-10-21 00:00:00 UTC,2024-25,225000,646324,Dr.,Wilder,null,Scott,Capital,English,"Aging, stem cells, tissue regeneration and renewal, stem cell niche, stromal cells, tissue stroma, cell signalling, mesenchymal cells, connective tissues",7109866,0.031646166
Ontario Research Fund - Research Infrastructure,Small Infrastructure Fund - Round 060 - 2024 - March,44759,The Plant Stress Biology Facility,"Understanding how plants sense and respond to environmental stress is key to improving agricultural productivity. The proposed Plant Stress Biology Facility will enable the detailed study of plant stress biology, from the molecular to the organismal scale.",RDF1060908,Plant stress biology,RDF1060902,Plant cell and molecular biology,RDF1060907,Molecular plant and microbe interactions,null,null,Western University,University,London,2024-10-21 00:00:00 UTC,2024-25,209461,523653,Dr.,Thomas,null,DeFalco,Capital,English,"plant stress biology, molecular biology, kinases, phosphorylation, suberin, lipidomics",626875,0.334135194
Ontario Research Fund - Research Infrastructure,Small Infrastructure Fund - Round 060 - 2024 - March,41126,"Perception, Motion Planning and Control of Connected Autonomous Vehicles (CAV)",Dr. Faieghi's research will enhance the safety of connected autonomous vehicles (CAVs by 1) advancing CAVs their environmental perception to identify safe/unsafe zones; 2) developing algorithms for  CAVs to navigate the safe zones only and 3) ensuring that CAVs adhere closely to the navigation path despite external disturbances.,RDF2040203,Automotive mechatronics,RDF2040206,Autonomous vehicles (except systems infrastructures),RDF20307,Systems control and automation,null,null,Toronto Metropolitan University,University,Toronto,2024-10-21 00:00:00 UTC,2024-25,76000,205017,Dr.,Reza,null,Faieghi,Capital,English,"Control systems, machine learning, autonomous vehicles, optimization, motion perception, navigation.",7109866,0.010689372
Ontario Research Fund - Research Infrastructure,Small Infrastructure Fund - Round 060 - 2024 - March,44673,Dissecting mechanisms of cancer development using genetically engineered mouse models,"Sarcomas are rare cancers originating in bones and soft tissues, with over 75 distinct types often driven by unique genetic mutations. The objective of the proposal is to better understand how the disease develops and responds to treatment using genetically-engineered model systems and advanced gene editing techniques.",RDF30,"Medical, health and life sciences",RDF301,Basic medicine and life sciences,RDF30102,Cancer,null,null,University Health Network,Research Hospital,Toronto,2024-10-21 00:00:00 UTC,2024-25,270054,675135,Dr.,David,null,Kirsch,Capital,English,"sarcoma, genetically engineered mouse models, molecular profiling, RNA-seq, ATAC-seq, CHIP-seq, CRISPR",7109866,0.037982994
Ontario Research Fund - Research Infrastructure,Small Infrastructure Fund - Round 060 - 2024 - March,44749,Molecular regulation of clonal propagation and dissemination in human breast cancer,"The presence of diverse cell populations within breast cancer can lead to variations in treatment response and resistance mechanisms. This work aims to identify key molecules contributing to breast cancer treatment resistance, potentially leading to the development of new drugs for more effective targeting.",RDF30,"Medical, health and life sciences",RDF301,Basic medicine and life sciences,RDF30102,Cancer,null,null,University Health Network,Research Hospital,Toronto,2024-10-21 00:00:00 UTC,2024-25,131537,328843,Dr.,Long,null,Nguyen,Capital,English,"breast cancer, clonal heterogeneity, clonal tracking, single-cell multi-omics, functional genomics",7109866,0.01850063
Ontario Research Fund - Research Infrastructure,Small Infrastructure Fund - Round 060 - 2024 - March,44447,Foodborne Pathogen Dynamics,"Each year, diarrheal illnesses cause 1.7 billion illnesses and 1.6 million deaths globally. Foodborne bacteria are a major cause of diarrhea. 3D bioprinting equipment will be used to develop novel approaches to study common mechanisms by which foodborne bacteria cause illness as a first step to developing effective interventions.",RDF40,Agricultural and veterinary sciences,RDF404,Agricultural biotechnology and food sciences,RDF40402,Food Sciences,null,null,University of Guelph,University,Guelph,2024-10-21 00:00:00 UTC,2024-25,150000,385512,Dr.,Lawrence,null,Goodridge,Capital,English,"Foodborne bacterial pathogens, common mechanisms of virulence, conserved virulence genes, 3D bioprinted organoids, functional genomics, BioAssembly Bot (BAB) 400 3D bioprinter",182615,0.821400214
Ontario Research Fund - Research Infrastructure,Small Infrastructure Fund - Round 060 - 2024 - March,44456,The effect of grazing intensity and fertilization on carbon sequestration in agricultural grasslands,The objectives are to determine the effect of grazing management on soil organic carbon sequestration and stability in Ontario pastures.  These findings will help optimize best management practices for rotational grazing to increase soil carbon storage and provide tangible benefits in terms of climate change mitigation.,RDF10,Natural Sciences,RDF105,Earth and related environmental sciences,RDF10511,Soil Sciences,null,null,University of Guelph,University,Guelph,2024-10-21 00:00:00 UTC,2024-25,114492,286232,Dr.,Kim,null,Schneider,Capital,English,"aboveground biomass, belowground biomass, carbon sequestration, perennials, forage",182615,0.626958355
Ontario Research Fund - Research Infrastructure,Small Infrastructure Fund - Round 060 - 2024 - March,44640,Establishing the Growth Eating & Appetite Together (GrEAT) Laboratory to study infant and child growth and development,The goal of the research using the requested equipment is to develop evidence-based best practices for feeding all children to support healthy growth. Dr. Walton will use state-of-the-art equipment to study infant and child body composition and eating behaviours to support Ontario families and provide clinicians with trusted resources.,RDF30,"Medical, health and life sciences",RDF303,Health Sciences,RDF30301,Human Nutrition and dietetics,null,null,University of Guelph,University,Guelph,2024-10-21 00:00:00 UTC,2024-25,141693,354234,Dr.,Kathryn,null,Walton,Capital,English,parent-infant interactions; food parenting; growth; eating behaviours; nutrition; obesity prevention; preterm infants; neurodevelopment; autism; adhd,182615,0.77591107
Ontario Research Fund - Research Infrastructure,Small Infrastructure Fund - Round 060 - 2024 - March,44769,Highly sensitive high-throughput biosensors for early cancer diagnostics and food safety applications,"Cancer leads to about 32,000 deaths in Ontario per year. In parallel, food-borne diseases result in over 6,000 hospitalizations and 60 deaths each year. This proposal aims to develop advanced miniature biochips with a state-of-the-art microarray facility for detecting cancer and microbes earlier, contributing to better patient outcomes.",RDF20-21,Engineering and technology,RDF207,Medical and biomedical engineering,RDF20701,Medical and biomedical engineering,null,null,University of Guelph,University,Guelph,2024-10-21 00:00:00 UTC,2024-25,102000,293111,Dr.,Huiyan,null,Li,Capital,English,"multiplexed biosensors, microarrays, sensitivity, throughput, cancer biomarkers, food safety",182615,0.558552145
Ontario Research Fund - Research Infrastructure,Small Infrastructure Fund - Round 060 - 2024 - March,44804,Minimizing environmental emissions from livestock species in Canada,Ontario plays a critical role in influencing national environmental emissions from meat production. The goal is to minimize environmental emissions per kilogram of pork and poultry produced in Ontario using precision nutrition and systems modelling approaches.,RDF40,Agricultural and veterinary sciences,RDF401,"Agriculture, forestry, and fisheries",RDF40101,"Agriculture, land and farm management",null,null,University of Guelph,University,Guelph,2024-10-21 00:00:00 UTC,2024-25,100000,302846,Dr.,Lee-Anne,null,Huber,Capital,English,"pork and poultry production, greenhouse gas abatement strategies, animal systems modelling, agriculture environmental policies, sustainable intensification",182615,0.547600142
Ontario Research Fund - Research Infrastructure,Small Infrastructure Fund - Round 060 - 2024 - March,44809,Automated microbioreactor platform for accelerated and scalable bioprocessing of agri-food residues,Innovative and scalable methods for conversion of low-value/waste agri-food biomass to valuable bio-based consumer products are needed to advance the circular economy. We aim to develop such bioprocess methods via understanding the relationship between catalyst properties and reaction thermodynamics using requested equipment.,RDF20-21,Engineering and technology,RDF210,Industrial Biotechnology,RDF21001,Industrial Biotechnology,null,null,University of Guelph,University,Guelph,2024-10-21 00:00:00 UTC,2024-25,128661,350207,Dr.,Guneet,null,Kaur,Capital,English,"High throughput functional screening, bioprocess design and optimization, scale-up validation, process kinetics-catalyst interaction, high yielding fermentation",182615,0.704547819
Ontario Research Fund - Research Infrastructure,Small Infrastructure Fund - Round 060 - 2024 - March,44829,Gaining a deeper understanding of emotional processing deficits in two high-risk samples of youth,"In Ontario, 39% of high school students experiencing moderate to severe psychological distress. This study aims to understand the underlying emotional processing deficits of severe behaviour and mental health challenges. Results from this study will aid in improving interventions efforts and reduce the economic burden of these challenges.",RDF50,Social sciences,RDF501,Psychology and cognitive sciences,RDF50101,"Psychology, social and behavioural aspects",null,null,University of Guelph,University,Guelph,2024-10-21 00:00:00 UTC,2024-25,45095,112741,Dr.,Stephanie,null,Craig,Capital,English,Physiological equipment; computing equipment,182615,0.246940284
Ontario Research Fund - Research Infrastructure,Small Infrastructure Fund - Round 060 - 2024 - March,43975,Vulnerability Hunting in Internet of Things through Binary Code Analysis,"The Canada Research Chair (CRC) Tier 2 program affiliated with the CFI-JELF will create the knowledge and technology required to increase the safety of Ontario citizens, government and industry as society modernises with Internet of Things (IoT) devices, by safeguarding critical infrastructures against cybersecurity threats.",RDF20-21,Engineering and technology,RDF203,"Electrical engineering, computer engineering, and information engineering",RDF20302,Communications and networks technologies,null,null,University of Ottawa,University,Ottawa,2024-10-21 00:00:00 UTC,2024-25,300000,1084071,Dr.,Paria,null,Shiranji,Capital,English,"Cybersecurity, Binary Code Analysis, Vulnerability Research, IoT Security, Firmware Security, Threat Intelligence Generation, Applied AI/ML",1291272,0.232329052
Ontario Research Fund - Research Infrastructure,Small Infrastructure Fund - Round 060 - 2024 - March,44154,Behavioral and experimental macroeconomics,"The goal of this project is to improve public knowledge of economic policy by researching the use of information in economic decision-making. Using laboratory experiments and large-scaled population surveys, it aims to create effective communication tools, fostering trust and improving policy maker's communication with the public.",RDF50,Social sciences,RDF502,Economics and business administration,RDF50201,Economics,null,null,University of Ottawa,University,Ottawa,2024-10-21 00:00:00 UTC,2024-25,139848,349622,Dr.,Isabelle,null,Salle,Capital,English,"Laboratory, experiments, macroeconomic policies, literacy",1291272,0.108302511
Ontario Research Fund - Research Infrastructure,Small Infrastructure Fund - Round 060 - 2024 - March,44404,Stable Isotopes to Study Changing Northern Environments,The applicants will develop and use stable isotope tools to understand and mitigate the impacts of climate and other anthropogenic changes on northern ecosystems. The goal is to uncover how past and on-going environmental changes inform the sustainability of Arctic waterways and the health of northern plant and animal species.,RDF10,Natural Sciences,RDF105,Earth and related environmental sciences,RDF10502,Geochemistry,null,null,University of Ottawa,University,Ottawa,2024-10-21 00:00:00 UTC,2024-25,601848,1504622,Dr.,Kyra,null,St. Pierre,Capital,English,"stable isotopes, compound-specific",1291272,0.466089252
Ontario Research Fund - Research Infrastructure,Small Infrastructure Fund - Round 060 - 2024 - March,44748,In vivo two-photon imaging and manipulation of different movement-related ensembles in 3D in awake mice,"Motor learning is vital for daily life. By combining newly-developed molecular and genetic tools with cutting-edge imaging, Dr. Chen's research aims to uncover how the brain acquires different motor movements at the same time. The findings will offer new insights in developing of novel targets for stroke therapy.",RDF30,"Medical, health and life sciences",RDF301,Basic medicine and life sciences,RDF30104,"Neurosciences, medical and physiological and health aspects",null,null,University of Ottawa,University,Ottawa,2024-10-21 00:00:00 UTC,2024-25,585000,1522568,Dr.,Simon,null,Chen,Capital,English,"motor learning, inhibitory neurons, synaptic plasticity, calcium imaging,optogenetics, neuronal ensembles",1291272,0.453041652
Ontario Research Fund - Research Infrastructure,Small Infrastructure Fund - Round 060 - 2024 - March,44818,Deciphering targetable molecular communication between muscle stem cells and their niche environment to improve health,"Dr. Soleimani’s research aims to identify novel molecular pathways and epigenetic regulators that impact stem cell function, in order to harness their power for the repair and maintenance of muscle throughout adult life. The ultimate aim is to develop new therapeutic targets for degenerative muscle diseases, such as age-related muscle wasting.",RDF30,"Medical, health and life sciences",RDF301,Basic medicine and life sciences,RDF30107,Musculoskeletal health and human movement,null,null,University of Ottawa,University,Ottawa,2024-10-21 00:00:00 UTC,2024-25,228000,609463,Dr.,Vahab,null,Soleimani,Capital,English,"Regenerative medicine, stem cell biology, molecular biology, gene expression analysis",1291272,0.17657008
Ontario Research Fund - Research Infrastructure,Small Infrastructure Fund - Round 060 - 2024 - March,44717,A Collaboratorium to Improve Problem Framing in Engineering Design,"As engineers work on increasingly complex projects, meaningful collaboration between experts and community groups becomes more important. The Collaboratorium will use the latest in observational and behavioural analysis technology to develop and test new facilitation methods and tools to improve in-person and hybrid collaboration.",RDF20-21,Engineering and technology,RDF212,Other Engineering and Technologies,RDF21201,Engineering Design,null,null,University of Toronto,University,Toronto,2024-10-21 00:00:00 UTC,2024-25,93092,232730,Dr.,Emily,null,Moore,Capital,English,"Engineering design, Hybrid teaming, Collaboration, cognitive design, systems thinking",7109866,0.013093355
Ontario Research Fund - Research Infrastructure,Small Infrastructure Fund - Round 060 - 2024 - March,44720,Cardiovascular Exercise Physiology Laboratory – Individual Differences in Oxygen Delivery During Physical Activity,The Cardiovascular Exercise Physiology Laboratory will enhance the ability of Ontarians to engage in physical activity to improve quality of life and substantially reduce health care costs through transformative advancements revealing how and why individuals differ in their ability to match oxygen delivery to the muscle’s oxygen demand.,RDF10,Natural Sciences,RDF106,Biological Sciences,RDF10608,Animal physiology,null,null,University of Toronto,University,Toronto,2024-10-21 00:00:00 UTC,2024-25,281936,750367,Dr.,Robert,null,Bentley,Capital,English,"Cardiovascular function, Exertional tolerance, Muscle blood flow, Oxygen consumption and delivery, Physical activity, Precision phenotyping",7109866,0.039654193
Ontario Research Fund - Research Infrastructure,Small Infrastructure Fund - Round 060 - 2024 - March,44735,Universal Filters for Storage Engines,Filter data structures are universally used by databases and storage engines to speed up queries. This project will design and equip databases with new kinds of filters that can better exploit modern hardware and support richer queries.,RDF1020202,Algorithms and data structures,RDF1020201,Analysis of algorithms and complexity,RDF1020605,Database management,null,null,University of Toronto,University,Toronto,2024-10-21 00:00:00 UTC,2024-25,112800,282000,Dr.,Niv,null,Dayan,Capital,English,"Storage engines, data structures, probabalistic filters, maplets",7109866,0.015865278
Ontario Research Fund - Research Infrastructure,Small Infrastructure Fund - Round 060 - 2024 - March,44754,Infrastructure to Identify New Targets and Therapies for Neovascular Eye Diseases,"Diseases caused by abnormal blood vessel growth in the eye are a major cause of blindness in Ontario and worldwide. Our goal is to characterize two new protein targets we have identified to treat these diseases, decipher how they control blood vessel growth and test new drugs that correct their dysfunction.",RDF30,"Medical, health and life sciences",RDF301,Basic medicine and life sciences,RDF30105,Pharmacology and pharmaceutical sciences (except clinical aspects),null,null,University of Toronto,University,Toronto,2024-10-21 00:00:00 UTC,2024-25,380000,950000,Dr.,Timothy,null,Corson,Capital,English,"angiogenesis, neovascularization, macular degeneration, small molecule",7109866,0.053446858
Ontario Research Fund - Research Infrastructure,Small Infrastructure Fund - Round 060 - 2024 - March,44789,Development of a high-resolution imaging spectrograph.,We will build a new type of observing instrument for astronomical research. This unique instrument will be capable of high-resolution spectroscopy over an extended area of the sky simultaneously. These capabilities will allow scientists to make new discoveries and expand our knowledge on the Universe.,RDF10,Natural Sciences,RDF103,Physical Sciences,RDF10301,Astronomical and space sciences,null,null,University of Toronto,University,Toronto,2024-10-21 00:00:00 UTC,2024-25,280000,700000,Dr.,Laurie,null,Rousseau-Nepton,Capital,English,"Astronomical Instrumentation, Fourier Transform Spectroscopy, Imaging Spectroscopy, Quantum detectors, Meta-surface Optical Design",7109866,0.039381896
Ontario Research Fund - Research Infrastructure,Small Infrastructure Fund - Round 060 - 2024 - March,44795,HFE Visual Design Studio,"Adverse events and racial and ethnic disparities in health outcomes cost Ontario millions of dollars in excess healthcare expenditures every year. This infrastructure will support integration of engineering expertise in health systems, improving patient safety, reducing disparities and costs and engaging patients in clinical system redesign.",RDF20-21,Engineering and technology,RDF202,Industrial systems and processes engineering,RDF20201,Human factor engineering,null,null,University of Toronto,University,Toronto,2024-10-21 00:00:00 UTC,2024-25,94021,235923,Dr.,Myrtede,null,Alfred,Capital,English,"human factors, participatory design, health equity, patient safety, usability",7109866,0.013224019
Ontario Research Fund - Research Infrastructure,Small Infrastructure Fund - Round 060 - 2024 - March,44810,Scalable Discrete Integration Engines,"In a bid to enhance AI's ability to navigate uncertainty, this project aims to develop symbolic reasoning techniques. With the growing prevalence of uncertain data, this research focuses on creating algorithms and tools to address the challenge of discrete integration.",RDF10,Natural Sciences,RDF102,Computer and information sciences,RDF10201,Artificial intelligence (AI),null,null,University of Toronto,University,Toronto,2024-10-21 00:00:00 UTC,2024-25,110000,275000,Dr.,Kuldeep,S.,Meel,Capital,English,"Discrete Integration, model counting, formal methods, automated reasoning",7109866,0.015471459
Ontario Research Fund - Research Infrastructure,Small Infrastructure Fund - Round 060 - 2024 - March,43676,Cyclic direct simple shear equipment for geotechnical earthquake engineering testing,This project aims to evaluate unique earthquake-induced liquefaction demands from large-magnitude earthquakes and in broadly graded soils using new equipment capable of simulating earthquake forces on samples of soil in a controlled laboratory setting. Findings from this work will aid engineers in designing safer communities.,RDF20-21,Engineering and technology,RDF201,"Civil engineering, maritime engineering, transport engineering, and mining engineering",RDF20101,Civil engineering,null,null,University of Toronto,University,Toronto,2024-10-21 00:00:00 UTC,2024-25,125000,313634,Dr.,Trevor,J.,Carey,Capital,English,Geotechnical earthquake engineering; Soil liquefaction; Cascadia subductionzone; Hazard mitigation; Soil mechanics; well-graded soils,7109866,0.017581203
Ontario Research Fund - Research Infrastructure,Small Infrastructure Fund - Round 060 - 2024 - March,44739,Developing next regeneration of green pavement technologies,"Road construction projects use up a vast amount of non-renewable natural resources (e.g., aggregates, asphalt and fossil fuel) every year. The proposed project aims to develop environment-friendly technologies that can maximize the use of recycled asphalt pavements in a durable manner and save on the asphalt concrete production energy.",RDF20-21,Engineering and technology,RDF201,"Civil engineering, maritime engineering, transport engineering, and mining engineering",RDF20101,Civil engineering,null,null,University of Waterloo,University,Waterloo,2024-10-21 00:00:00 UTC,2024-25,105000,281589,Dr.,Pezhouhan,null,Tavassoti-Kheiry,Capital,English,"Civil Engineering, Pavements, Materials Characterization, Cold Mix Asphalt, Recycling, Climate Change Impacts on Pavements, High-Performance Mixes, Emulsions",699402,0.150128252
Ontario Research Fund - Research Infrastructure,Small Infrastructure Fund - Round 060 - 2024 - March,41673,Integrated Spatial and Temporal Fluorescence Spectroscopy to Quantify Nanoscale Events in Complex Biological Systems,Nanoparticles are a new way to deliver drugs precisely in the body. This project will examine how nanoparticles bind to molecules from various human body tissues. We will use the results to predict how nanoparticles behave inside the body and design ways to direct them to where drugs are needed.,RDF30,"Medical, health and life sciences",RDF301,Basic medicine and life sciences,RDF30199,Other basic medicine and life sciences,null,null,Unity Health Toronto,Research Hospital,Toronto,2024-10-21 00:00:00 UTC,2024-25,160000,400000,Dr.,Hagar,null,Labouta,Capital,English,"Nanomedicine, Nanoparticle Characterization, Drug Delivery, Drug Targeting",7109866,0.02250394
Ontario Research Fund - Research Infrastructure,Small Infrastructure Fund - Round 060 - 2024 - March,44716,Comparative analysis of chemosensing mechanisms by vertebrate neuroepithelial cells,"This research aims to lay the foundation for studying the mechanisms of adaptive reflex responses in all vertebrates, as well as the pathophysiological conditions associated with mammalian chemosensors, including sleep apnea, obstructive lung disease, heart failure, hypertension and diabetes.",RDF1060806,"Animal physiology, environmental stress",RDF2080103,Environmental impacts,RDF3020106,Respiratory system pathologies and clinical interventions,null,null,Wilfrid Laurier University,University,Waterloo,2024-10-21 00:00:00 UTC,2024-25,77215,193039,Dr.,Erin,null,Leonard,Capital,English,"pathophysiological diseases, climate change, low oxygen, high carbon dioxide, oxygen and carbon dioxide sensing, evolution, fish",699402,0.110401457
Ontario Research Fund - Research Infrastructure,Small Infrastructure Fund - Round 060 - 2024 - March,44878,Mechanisms of social behavior in snakes,This proposal is for a snake behavioral suite in which snake social cognition can be studied in detail. Snake social behavior is understudied and understanding it is crucial for snake conservation and pet snake welfare. The suite allows for tracking multiple snakes and manipulating the temperature and odors in the environment in real time.,RDF10,Natural Sciences,RDF106,Biological Sciences,RDF10603,Ecology (except applications),null,null,Wilfrid Laurier University,University,Waterloo,2024-10-21 00:00:00 UTC,2024-25,84909,212273,Dr.,Noam,null,Miller,Capital,English,"Automated tracking, environmental manipulation; social cognition testing",699402,0.121402284
Ontario Research Fund - Research Infrastructure,Small Infrastructure Fund - Round 060 - 2024 - March,44783,Methods to Create Mutations in Cells to Understand and Treat Disease,"This project aims to develop a suite of technologies that enables the study of genes involved in diseases. Accomplishing our objectives may lead to better understanding of the molecular basis of diseases affecting Canadians, which can improve patient outcome through new drug discovery efforts.",RDF10,Natural Sciences,RDF106,Biological Sciences,RDF10606,Genetics,null,null,York University,University,Toronto,2024-10-21 00:00:00 UTC,2024-25,100000,257686,Dr.,Yongjoo,Bill,Kim,Capital,English,"Protein engineering, genome editing, nucleic acid, mutagenesis",7109866,0.014064963
Ontario Research Fund - Research Infrastructure,Small Infrastructure Fund - Round 060 - 2024 - March,44824,Marginal MediaWorks,"Marginal MediaWorks researches innovative uses of emerging creative technologies (such as augmented and virtual realities), develops new forms of storytelling and helps to amplify representation and inclusion of marginalized groups within the fast-growing emerging media industries in Ontario and internationally.",RDF60,Humanities and the arts,RDF604,"Arts (arts, history of arts, performing arts, music), architecture and design",RDF60407,Visual arts and media arts,null,null,York University,University,Toronto,2024-10-21 00:00:00 UTC,2024-25,100000,267538,Dr.,W. Taien,null,Ng-Chan,Capital,English,"media arts, community media practices, digital media arts, extended realities, gaming, interactive storytelling, expanded documentary",7109866,0.014064963
Ontario Research Fund - Research Infrastructure,Small Infrastructure Fund - Round 061 - 2024 - June,44290,Accessible Automated Construction Site Studio (AACeSS Lab),This research will use integrated design processes and develop workflows using collaborative robots to create prefabricated panels for housing retrofits through design for manufacturing & assembly principles to advance the use of digital tools in Architecture/Engineering/Construction (AEC) and expand Ontario’s digital construction workforce.,RDF20-21,Engineering and technology,RDF204,Mechanical engineering,RDF2040301,Computer-aided design (CAD) and manufacturing (CAM) systems,RDF2040306,Manufacturing processes and technologies (except textiles),Carleton University,University,Ottawa,2025-01-27 00:00:00 UTC,2024-25,98000,310530,Dr.,Sheryl,null,Boyle,Capital,English,Developing Proto-Processes Cobots Design  Manufacturing  Assembly   Architecture Engineering Construction.,1291272,0.075894157
Ontario Research Fund - Research Infrastructure,Small Infrastructure Fund - Round 061 - 2024 - June,44629,Advanced Vision Integration for Road Safety (AVIRS),"Our goal is to construct an extensive database of acquired road and road user data (including visual, thermal, LiDAR and RADAR) to enable the development of sensing systems to improve driver-assisted and fully autonomous vehicles to improve driver and pedestrian safety for Ontarians.",RDF20-21,Engineering and technology,RDF203,"Electrical engineering, computer engineering, and information engineering",RDF20303,Data analytics and signal processing,RDF2030305,Image and video processing and analysis,Carleton University,University,Ottawa,2025-01-27 00:00:00 UTC,2024-25,99694,267356,Dr.,Chris,null,Joslin,Capital,English,"Driver-Assisted Vehicles, Computer Vision, LiDAR Visualization, RADAR Visualization, Data Capture, Autonomous Vehicle, Machine Learning, Deep Learning Algorithm Testing and Validation, Sensor Fusion.",1291272,0.077206042
Ontario Research Fund - Research Infrastructure,Small Infrastructure Fund - Round 061 - 2024 - June,45057,Sulfate through time,Marine sulfate is responsible for reprocessing a significant amount of organic matter in marine sediments and oxidizing methane released from the seafloor making it critical for longterm climate. This proposal seeks to develop a novel proxy using barium isotopes to constrain this vital property of marine chemistry through geologic time.,RDF10,Natural Sciences,RDF105,Earth and related environmental sciences,RDF10502,Geochemistry,RDF1050203,Isotope geochemistry Isotope geochemistry,Carleton University,University,Ottawa,2025-01-27 00:00:00 UTC,2024-25,110000,299693,Dr.,Peter,null,Crockford,Capital,English,"Barium isotopes, Earth history, Geochemical proxy, Paleoceanography, Isotope geochemistry, Critical minerals, Carbonate sedimentology, Precambrian.",1291272,0.085187319
Ontario Research Fund - Research Infrastructure,Small Infrastructure Fund - Round 061 - 2024 - June,45025,Laboratory for Advanced Nano-Optical Biosensing,The Laboratory for Advanced Nano-Optical Biosensing will combine nanobiotechnology with advanced optical detection to reveal the influence of exposure on health and well-being on a molecular level and to translate this knowledge into widely accessible healthcare sensing technologies.,RDF20-21,Engineering and technology,RDF30,"Medical, health and life sciences",RDF10,Natural sciences,null,null,McMaster University,University,Hamilton,2025-01-27 00:00:00 UTC,2024-25,773924,1998267,Dr.,Niko,null,Hildebrandt,Capital,English,"Nanotechnology, biosensing, luminescence, diagnostics, bioanalysis, multiplexing, lanthanides, upconversion, healthcare.",862679,0.897117004
Ontario Research Fund - Research Infrastructure,Small Infrastructure Fund - Round 061 - 2024 - June,45059,Single photon counting confocal microscope for time-resolved fluorescence studies of gene transcription,"The regulation of gene expression is essential for the growth and maintenance of healthy cells and tissues. Using advanced fluorescence microscopy, the proposed research will explore how the formation of liquid droplets containing essential proteins can help turning gene expression on and off both faster and more reliably.",RDF10,Natural Sciences,RDF106,Biological Sciences,RDF10602,Cell Biology,RDF1060204,Protein trafficking in cell biology,McMaster University,University,Hamilton,2025-01-27 00:00:00 UTC,2024-25,345860,864650,Dr.,Cécile,null,Fradin,Capital,English,"Life sciences, biophysics, transcription regulation, gene expression, phase separation, disordered proteins, embryo development, confocal microscopy, fluorescence lifetime correlation spectroscopy, single molecule FRET.",862679,0.400913897
Ontario Research Fund - Research Infrastructure,Small Infrastructure Fund - Round 061 - 2024 - June,44657,Cardiac macrophage subset maintenance and expansion in the healthy and injured heart,Macrophages are innate immune cells that have important functions in regulating tissue repair and inflammation. We will define the molecular mechanisms and cell-cell interactions that regulate these cells in the setting of a heart attack to develop novel immunotherapeutics to promote their presence and reparative functions to limit heart failure.,RDF30,"Medical, health and life sciences",RDF301,Basic medicine and life sciences,RDF30101,Immunology,RDF3010104,Cellular Immunology,Queen's University,University,Kingston,2025-01-27 00:00:00 UTC,2024-25,175000,530821,Dr.,Sarah,null,Dick,Capital,English,"Tissue Resident Macrophages, Cardiac, Heart Failure.",192395,0.909587047
Ontario Research Fund - Research Infrastructure,Small Infrastructure Fund - Round 061 - 2024 - June,44816,CRC Tier 1 in Medical Informatics,This research will build the next generation of clinical decision-making tools using enhanced tissue characterization capabilities of the requested ultrasound device and AI methods. The project will address and positively impact both personal and economic aspects of cancer for Ontarians.,RDF10,Natural Sciences,RDF102,Computer and information sciences,RDF10206,Information Systems,null,null,Queen's University,University,Kingston,2025-01-27 00:00:00 UTC,2024-25,75001,277502,Dr.,Parvin,null,Mousavi,Capital,English,"Medical Informatics, Computer-Assisted Surgery, Image-guided Interventions, Machine Learning, Medical Image & Signal Computing, Computer-Assisted Interventions.",192395,0.389828218
Ontario Research Fund - Research Infrastructure,Small Infrastructure Fund - Round 061 - 2024 - June,44884,Developing and Analytical Imaging Laboratory for Cultural Heritage Science,"We will establish the first state-of-the-art research laboratory in Ontario that is dedicated to developing spectroscopic imaging analysis for works of art and cultural heritage materials. Our enriched research-based training environment will form a hub for Art Conservation students, fellows and researchers.",RDF10,Natural Sciences,RDF104,Chemical Sciences,RDF10406,Physical Chemistry (including structural),RDF1060310,Evolutionary Ecology,Queen's University,University,Kingston,2025-01-27 00:00:00 UTC,2024-25,100000,322319,Dr.,Aaron,null,Shugar,Capital,English,"Image registration, Hyperspectral mapping, Cultural Heritage Sciences, Motorized Easel Development Microscopy.",192395,0.519764027
Ontario Research Fund - Research Infrastructure,Small Infrastructure Fund - Round 061 - 2024 - June,44984,Technologies for Neuromusculoskeletal Disorders,"The objective of this proposal is to understand the neuromuscular mechanisms of human balance control and use the acquired knowledge to develop lower limb prostheses for amputees using a multidisciplinary approach, combining experimental biomechanics and computational modelling.",RDF20-21,Engineering and technology,RDF207,Medical and biomedical engineering,RDF20701,Medical and biomedical engineering,RDF2070102,Biomedical engineering,Queen's University,University,Kingston,2025-01-27 00:00:00 UTC,2024-25,144000,411461,Dr.,Pouya,null,Amiri,Capital,English,Human balance control; lower limb amputation and prosthetics; musculoskeletal biomechanics.,192395,0.748460199
Ontario Research Fund - Research Infrastructure,Small Infrastructure Fund - Round 061 - 2024 - June,44976,Molecular logic and functions of transcriptional adaptation,"This project characterizes the logic of neuronal adaptation underlying our ability to flexibly optimize our behaviour based on experience and how such logic is disrupted in neurological disorders like autism or aging, by using single-cell biology, neural activity and behavioural recordings and computational analysis.",RDF30,"Medical, health and life sciences",RDF301,Basic medicine and life sciences,RDF30104,"Neurosciences, medical and physiological and health aspects",null,null,Sinai Health System,Research Hospital,Toronto,2025-01-27 00:00:00 UTC,2024-25,475000,1187501,Dr.,Tatsuya,null,Tsukahara,Capital,English,Molecular Neuroscience; Systems Neuroscience; Systems Biology; Sensory Systems; Olfaction; Single-Cell Genomics; Animal Behaviour; Autism Spectrum Disorders.,7109866,0.066808573
Ontario Research Fund - Research Infrastructure,Small Infrastructure Fund - Round 061 - 2024 - June,44958,Studying phenotypic heterogeneity and aging in budding yeast with fluorescence-activated cell sorting,"Examining variability in cell populations with shared genetic makeup to analyze how environmental, physiological and other non-genetic sources of variation, including aging, affect cellular responses and decision making and using this knowledge to aid the development of intelligent strategies for therapeutic intervention and personalized medicine.",RDF1060211,Organelle Function,RDF1060208,Computational Cell Biology,RDF1060609,Genomics,null,null,Toronto Metropolitan University,University,Toronto,2025-01-27 00:00:00 UTC,2024-25,95000,324613,Dr.,Mojca,null,Mattiazzi Usaj,Capital,English,"Phenotypic heterogeneity, organelle morphology and function, endocytosis,aging, single-cell biology, genotype-phenotype, molecular genetics, cell biology.",7109866,0.013361715
Ontario Research Fund - Research Infrastructure,Small Infrastructure Fund - Round 061 - 2024 - June,44576,Anticipating and buffering stress: From synapse to behaviour,"Dr. Bains will characterize the neural mechanisms of stress, stress anticipation and social buffering of stress and determine how stress alters synapses, cells, circuits and behaviour. This research will lay a strong foundation for developing interventions to mitigate the negative effects of stress and treat stress-related disorders.",RDF30,"Medical, health and life sciences",RDF301,Basic medicine and life sciences,RDF30104,"Neurosciences, medical and physiological and health aspects",RDF3010402,Central nervous system,University Health Network,Research Hospital,Toronto,2025-01-27 00:00:00 UTC,2024-25,785715,1964288,Dr.,Jaideep,null,Bains,Capital,English,"Stress, stress anticipation, stress buffering, social transmission of stress, neural circuits, hypothalamus, plasticity.",7109866,0.110510522
Ontario Research Fund - Research Infrastructure,Small Infrastructure Fund - Round 061 - 2024 - June,44886,Innovative Strategies and Simulation Technologies for Sensory-Cognitive Health of the Aging Population,"This research addresses the challenges of age-related sensory impairments in Canada's aging population. Drs. Campos and Keshavarz will use simulation technologies to understand the intricate connections between sensory health, cognitive function and mobility in real-world scenarios.",RDF50,Social sciences,RDF501,Psychology and cognitive sciences,RDF50102,Cognitive sciences,RDF5010201,"Sensory processes, perception and performance",University Health Network,Research Hospital,Toronto,2025-01-27 00:00:00 UTC,2024-25,251241,628103,Dr.,Jennifer,null,Campos,Capital,English,"Multisensory integration, cognitive decline, aging, sensory impairment, hearing loss, cognitive training, mobility, self perception, virtual reality, simulation.",7109866,0.035336953
Ontario Research Fund - Research Infrastructure,Small Infrastructure Fund - Round 061 - 2024 - June,44963,Advancing Fall Prevention Research,Dr. Tilak Dutta will evaluate footwear to improve winter safety for Ontarians. The requested infrastructure will enable his team to investigate how footwear loses traction as the soles wear with use and develop new materials to improve safety on ice throughout the winter.,RDF30,"Medical, health and life sciences",RDF303,Health Sciences,RDF30303,Rehabilitation medicine,RDF3030399,"Rehabilitation medicine, n.e.c.",University Health Network,Research Hospital,Toronto,2025-01-27 00:00:00 UTC,2024-25,270121,675303,Dr.,Tilak,null,Dutta,Capital,English,"Footwear testing, falls prevention, grip assessment, winter safety.",7109866,0.037992418
Ontario Research Fund - Research Infrastructure,Small Infrastructure Fund - Round 061 - 2024 - June,44733,Understanding the interactions between hypertension and Huntington's disease,"In this project Dr. Alpaugh will use animal model, cell culture systems and human tissue samples to understand how hypertension may affect the severity and on-set of Huntington's disease, the mechanisms of this interaction and whether reducing hypertension can delay disease onset/severity.",RDF30,"Medical, health and life sciences",RDF301,Basic medicine and life sciences,RDF30104,"Neurosciences, medical and physiological and health aspects",RDF3010414,Neurodegeneration,University of Guelph,University,Guelph,2025-01-27 00:00:00 UTC,2024-25,79429,212291,Dr.,Melanie,null,Alpaugh,Capital,English,"Cell culture, blood-brain barrier modeling, human induced pluripotent stem cells, Huntington's disease, cardiovascular disease.",182615,0.434953317
Ontario Research Fund - Research Infrastructure,Small Infrastructure Fund - Round 061 - 2024 - June,44761,Digital Agriculture: Paving the Way for a Decarbonized and Resource-Optimized Sustainable Agri-Food Production System,"The infrastructure aims to enhance Ontario's agricultural field with state-of-the-art soil sensing technology, enabling precise, high-resolution soil property analysis for improved food security and environmental sustainability. This advancement will position Ontario as a leader in resource-optimized agriculture and improve food security.",RDF40,Agricultural and veterinary sciences,RDF401,"Agriculture, forestry, and fisheries",RDF40101,"Agriculture, land and farm management",RDF4010110,Sustainable agricultural development,University of Guelph,University,Guelph,2025-01-27 00:00:00 UTC,2024-25,150000,404723,Dr.,Asim,null,Biswas,Capital,English,"Sustainable soil management, digital agriculture, soil sensing, digital soil mapping, soil properties measurement, laboratory analysis, soil carbon nitrogen and sulphur.",182615,0.821400214
Ontario Research Fund - Research Infrastructure,Small Infrastructure Fund - Round 061 - 2024 - June,44844,The effects of temperature on ecological and evolutionary dynamics,"Dr. Grainger and her team will conduct experiments with insects that test the effect of human-induced temperature change on species’ ability to persist in and adapt to, other anthropogenic global changes including new competitors, fragmented habitats and environmental pollutants.",RDF10,Natural Sciences,RDF106,Biological Sciences,RDF10603,Ecology,RDF1060310,Evolutionary Ecology,University of Guelph,University,Guelph,2025-01-27 00:00:00 UTC,2024-25,84000,227199,Dr.,Tess,null,Grainger,Capital,English,"Community ecology, temperature, global change, insects, coexistence, competition, metapopulation, experimental evolution.",182615,0.45998412
Ontario Research Fund - Research Infrastructure,Small Infrastructure Fund - Round 061 - 2024 - June,44858,Infrastructure for Building Environmental Monitoring,"Buildings are necessary for housing and industrial activity, but they pose environmental problems given their excessive energy use and pollutant emissions. A building environmental monitoring suite is requested to support research toward reducing building energy consumption/pollutant emissions and improving environmental quality.",RDF20-21,Engineering and technology,RDF204,Mechanical engineering,RDF208,Environmental engineering and related engineering,null,null,University of Guelph,University,Guelph,2025-01-27 00:00:00 UTC,2024-25,75058,187645,Dr.,Amir,A.,Aliabadi,Capital,English,"Urban Physics Models, Climate Change Mitigation, Environmental Quality Management, Building System Optimization, Energy Efficiency and Conversion, Meteorological and Air Quality Sensors, Building System Monitors.",182615,0.411017715
Ontario Research Fund - Research Infrastructure,Small Infrastructure Fund - Round 061 - 2024 - June,44902,Developing novel immunotherapies for brain cancers,The immune system can be used to treat cancer. The infrastructure will be used to investigate how cancer cell death shapes the immune response against brain tumors. The findings will provide foundational knowledge required to develop new safe and effective treatments for cancer patients.,RDF30,"Medical, health and life sciences",RDF301,Basic medicine and life sciences,RDF30102,Cancer,RDF3010203,Cancer drug development and therapeutics,University of Guelph,University,Guelph,2025-01-27 00:00:00 UTC,2024-25,82000,208482,Dr.,Samuel,null,Workenhe,Capital,English,"Immunotherapy, brain cancer, cancer cell death, immunogenic cell death.",182615,0.449032117
Ontario Research Fund - Research Infrastructure,Small Infrastructure Fund - Round 061 - 2024 - June,44988,Infrastructure to establish lab in plant systematics and evolution of wild crop relatives,This proposal will study the evolution and adaptation of crop wild relatives related to tomatoes and eggplants in diverse environments. It focuses on how abiotic stressors have shaped genome size evolution and key traits in eggplants and also proposes to look at how tomato populations have adapted to elevation gradients in the Andes.,RDF10601,Biological Sciences,RDF10605,Biological evolution,RDF1060508,Phylogeny and comparative analysis,null,null,University of Guelph,University,Guelph,2025-01-27 00:00:00 UTC,2024-25,84000,244673,Dr.,Edeline,null,Gagnon,Capital,English,"Evolutionary ecology, population genomics, comparative systematics, Solanaceae, wild crop relatives, genomes, tomato, eggplant, thermotolerance, drought.",182615,0.45998412
Ontario Research Fund - Research Infrastructure,Small Infrastructure Fund - Round 061 - 2024 - June,45016,Functional characterization of neural circuits underlying perception of control during stress,"Dr. Daviu's research plan is geared towards identifying crucial behavioral traits that foster stress resilience and creating innovative pre-clinical models to develop new behavioral interventions for trauma-related psychopathologies, such as Post traumatic stress disorder.",RDF30,"Medical, health and life sciences",RDF201,Basic medicine and life sciences,RDF30104,"Neurosciences, medical and physiological and health aspects",null,null,University of Guelph,University,Guelph,2025-01-27 00:00:00 UTC,2024-25,80000,201852,Dr.,Nuria,null,Daviu Abant,Capital,English,"Post-traumatic stress disorder, neurobiology of stress, stress coping, in-vivo calcium recording.",182615,0.438080114
Ontario Research Fund - Research Infrastructure,Small Infrastructure Fund - Round 061 - 2024 - June,45023,The role of nitrogen and carbon quality in greenhouse gas production following permafrost thaw in northern peatlands,"This program will characterize changes in carbon and nitrogen cycling in northern permafrost peatland systems following thaw. It will use multiple linked approaches including laboratory incubation studies, in field manipulations that track C and N movement, while bringing together datasets on permafrost C and N from across the globe.",RDF10,Natural Sciences,RDF105,Earth and related environmental sciences,RDF10510,Natural environment sciences,RDF1051005,Natural environment sustainability studies,University of Guelph,University,Guelph,2025-01-27 00:00:00 UTC,2024-25,112000,302010,Dr.,Catherine,null,Dieleman,Capital,English,"Climate change, permafrost thaw, biogeochemistry, carbon, nitrogen, soil, porewater, greenhouse gas emissions.",182615,0.613312159
Ontario Research Fund - Research Infrastructure,Small Infrastructure Fund - Round 061 - 2024 - June,45028,Environmental sentinel surveillance and forecasting of climate-sensitive waterborne and vector-borne zoonotic diseases,The risks of vector-borne and waterborne zoonotic diseases are likely to increase under changing climate conditions. The overall aim of this project is to conduct innovative surveillance and forecasting for climate-sensitive vector-borne and waterborne zoonotic pathogens of emerging public and animal health significance in Ontario.,RDF30,"Medical, health and life sciences",RDF303,Health Sciences,RDF30302,Public and population health,RDF3030222,One Health approach,University of Guelph,University,Guelph,2025-01-27 00:00:00 UTC,2024-25,150000,402988,Dr.,Katie,null,Clow,Capital,English,"Zoonotic pathogen, waterborne, vector-borne, sentinel surveillance, climate change, forecasting.",182615,0.821400214
Ontario Research Fund - Research Infrastructure,Small Infrastructure Fund - Round 061 - 2024 - June,44737,Quantum Electronic Devices and Circuits,"This program seeks to prepare magnetic, topological and superconducting quantum materials and devices and characterize interface-driven magneto-thermo-electrical transport behavior. It enables energy efficient magnetic memory and logic devices, as well as superconducting diode circuit components for quantum information processing.",RDF10,Natural Sciences,RDF103,Physical Sciences,RDF10305,Condensed matter physics,RDF1030502,Condensed matter experiments,University of Ottawa,University,Ottawa,2025-01-27 00:00:00 UTC,2024-25,571890,1429725,Dr.,Hang,null,Chi,Capital,English,"Condensed Matter Physics, Quantum Materials and Devices, Spintronics, Quantum Transport, Magnetic Interfaces, Nonreciprocal Superconductivity.",1291272,0.442888872
Ontario Research Fund - Research Infrastructure,Small Infrastructure Fund - Round 061 - 2024 - June,44857,Ethnic and Racial Quality and Access in Thrombosis Studies (EQUALS):Examining diversity and enhancing equity,This project aims to understand and improve the risk prediction of thrombosis and its treatment complications in ethnic and racially under-represented populations. It will drive efforts to equitably reduce the burden of this prevalent condition in Ontario and globally and to enhance the racial representation of current and future thrombosis studies.,RDF30,"Medical, health and life sciences",RDF302,Clinical medicine,RDF30201,Cardiorespiratory medicine and hematology,RDF3020102,Hematology,University of Ottawa,University,Ottawa,2025-01-27 00:00:00 UTC,2024-25,110000,276228,Dr.,Yan,null,Xu,Capital,English,"Racialized population, anticoagulants, thrombosis, bleeding, linguistic discordance, risk prediction, health equity, diversity in research.",1291272,0.085187319
Ontario Research Fund - Research Infrastructure,Small Infrastructure Fund - Round 061 - 2024 - June,44967,"Designing, creating and testing hPSC-based endothelial cell therapeutics for liver disease",This project aims to understand how liver endothelial cells gain and maintain their function and apply these findings to the development of novel stem cell therapies for liver diseases where these functions are lost. This project’s research will support the design and testing of treatments for conditions such as Hemophilia A and NAFLD.,RDF30,"Medical, health and life sciences",RDF304,Medical biotechnology,RDF30401,Medical biotechnology,RDF3040104,Regenerative medicine (including stem cells and tissue engineering),University of Ottawa,University,Ottawa,2025-01-27 00:00:00 UTC,2024-25,338000,878345,Dr.,Blair,null,Gage,Capital,English,"Endothelial Cell, Pluripotent Stem Cell, Genetics, Developmental Modeling, Humanized Animal Models, Cell-based Therapy, Liver Disease, Hemophilia, Lentivirus.",1291272,0.261757399
Ontario Research Fund - Research Infrastructure,Small Infrastructure Fund - Round 061 - 2024 - June,44970,Analytical tools for lignin biology and engineering,"This project will support the recruitment of Dr. Yaseen Mottiar to uOttawa. It will provide new analytical instruments needed for the analysis of plant metabolites, including those related to lignin and plant cell walls. This work will contribute new strategies for engineering plants to promote the sustainable industrial utilisation of plant biomass.",RDF10,Natural Sciences,RDF106,Biological Sciences,RDF10609,Plant biology,RDF1060999,"Plant biology, not elsewhere classified",University of Ottawa,University,Ottawa,2025-01-27 00:00:00 UTC,2024-25,110000,317046,Dr.,Yaseen,null,Mottiar,Capital,English,"Plant cell walls, genetic engineering, lignin, non-model plants.",1291272,0.085187319
Ontario Research Fund - Research Infrastructure,Biosciences Research Infrastructure Fund - Stage 2,500180,The Canadian Biomanufacturing Cooperative – An Ontario-led Initiative,"The Canadian Biomanufacturing Cooperative is a national, Ontario-led initiative that will build harmonized biomanufacturing capacity across Canada. Our approach will ensure that Ontario can protect itself from future pandemics and at the same time, access new lifesaving biotherapeutics for a variety of other diseases.",RDF30,"Medical, health and life sciences",RDF301,Basic medicine and life sciences,RDF30199,Other basic medicine and life sciences,RDF3019999,Other basic medicine and life sciences,University of Ottawa,University,Ottawa,2025-01-27 00:00:00 UTC,2024-25,44691572,117141136,null,Duncan,J.,Stewart,Capital,English,"Biomanufacturing, GMP Production, Standardization, Pandemic Preparedness Therapeutic Viruses, Vaccines, Cell Therapy, Process Development, Assay Development, CanPRIME, Work-integrated Learning, '100-days mission', Quality Control, Quality Assurance, Adherent Bioreactors, Suspension Bioreactors, Purification Strategies, High-Throughput, Automation, Single-use Bioreactors, Aseptic Fill Finish, Modular GMP cleanrooms, Next generation Biomanufacturing, Facility Design, Construction/Renovation",1291272,34.61050189
Ontario Research Fund - Research Infrastructure,Small Infrastructure Fund - Round 061 - 2024 - June,44339,Infrastructure for the study of arbovirus RNA biology in human hosts and mosquito vectors,"Dr. Rozen-Gagnon's research program will use innovative systems biology techniques to uncover how mosquito-borne viruses thrive in diverse cell types and organisms. Her results will uncover cellular processes crucial for infection, a first step to develop prevention strategies and treatments for diseases caused by mosquito-borne viruses.",RDF10,Natural Sciences,RDF106,Biological Sciences,RDF10607,Microbiology,RDF1060707,Virology,University of Toronto,University,Toronto,2025-01-27 00:00:00 UTC,2024-25,140000,350547,Dr.,Kathryn,null,Rozen-Gagnon,Capital,English,"Arbovirus, RNA interference, mosquito, antiviral defense, crosslinking-immunoprecipitation, virus-host interactions, small RNAs, pathogenesis, persistence, transmission",7109866,0.019690948
Ontario Research Fund - Research Infrastructure,Small Infrastructure Fund - Round 061 - 2024 - June,44774,Functional and Chemical Genomic Analyses of Essential Genes to Cripple Fungal Pathogens,"Fungal pathogens have a devastating impact on human health. To address the urgent need for new therapeutic strategies, Professor Cowen is requesting infrastructure necessary to discover genes that are required for fungal pathogens to cause disease and to identify molecules that kill these pathogens.",RDF10,Natural Sciences,RDF106,Biological Sciences,RDF10607,Microbiology,RDF1060706,Mycology,University of Toronto,University,Toronto,2025-01-27 00:00:00 UTC,2024-25,250000,935498,Dr.,Leah,null,Cowen,Capital,English,"Microbial Genomics, Infectious Disease, Fungal Pathogen, Antifungal Drug Discovery, Antimicrobial Resistance, Chemical Genomics, Functional Genomics.",7109866,0.035162407
Ontario Research Fund - Research Infrastructure,Small Infrastructure Fund - Round 061 - 2024 - June,44802,4D Genomics,"Chromosomal defects are a hallmark of many cancers and congenital anomalies, which have devastating impacts on the health and well-being of Ontarians. This program will marshal advanced research infrastructure to perform spatial biology and provide a critical foundation for the development of improved diagnostics for these diseases in Ontario.",RDF30,"Medical, health and life sciences",RDF301,Basic medicine and life sciences,RDF30199,Other basic medicine and life sciences,RDF3019999,Other basic medicine and life sciences,University of Toronto,University,Toronto,2025-01-27 00:00:00 UTC,2024-25,400000,1000000,Dr.,Ahilya,N.,Sawh,Capital,English,"Genomics, Chromatin, Development, Gene Regulation.",7109866,0.056259851
Ontario Research Fund - Research Infrastructure,Small Infrastructure Fund - Round 061 - 2024 - June,44925,Pioneering novel approaches to purify virus particles for new discoveries and innovation in diagnostics and therapeutics.,"Viral infections produce many different types of virus particles, complicating our understanding of virus infection and making it challenging to design effective therapeutics. This research will yield new tools to study single virus particles, generating improved knowledge of viral infections and advanced nanoparticle-based therapeutics.",RDF30,"Medical, health and life sciences",RDF2110113,Molecular and organic electronics,RDF1040503,Characterization of biological macromolecules and biological systems,null,null,University of Toronto,University,Toronto,2025-01-27 00:00:00 UTC,2024-25,200000,860986,Dr.,Christina,null,Guzzo,Capital,English,"Virology, immunology, flow cytometry, nanoscale cytometry, HIV.",7109866,0.028129925
Ontario Research Fund - Research Infrastructure,Small Infrastructure Fund - Round 061 - 2024 - June,44948,Mechanisms of Beta Cell Dysfunction in Diabetes,"Diabetes is a growing epidemic that reduces life expectancy and imposes substantial economic and healthcare burdens. This proposal will support the establishment of a research lab capable of identifying and characterizing factors that play a causal role in diabetes using state-of-the art technologies, facilitating development of therapeutics.",RDF30,"Medical, health and life sciences",RDF301,Basic medicine and life sciences,RDF30199,Other basic medicine and life sciences,RDF3019999,Other basic medicine and life sciences,University of Toronto,University,Toronto,2025-01-27 00:00:00 UTC,2024-25,260000,650002,Dr.,Kacey,null,Prentice,Capital,English,"Diabetes, Metabolism, Beta Cells, Insulin Secretion, Cell Signaling, Real-Time Imaging, Diabetes Biomarkers, Diabetes Therapeutics, Insulin Resistance, Calcium Flux.",7109866,0.036568903
Ontario Research Fund - Research Infrastructure,Small Infrastructure Fund - Round 061 - 2024 - June,44956,Interrogating cellular pathways with pathogenic effectors,"Around 1,400 pathogens target humans, needing to evade the immune system for infection. Dr. Taipale of the University of Toronto seeks to understand how proteins encoded by these pathogens disrupt key pathways, potentially uncovering new drug targets for widespread diseases.",RDF10,Natural Sciences,RDF106,Biological Sciences,RDF10601,Biochemistry,RDF1060103,Proteomics,University of Toronto,University,Toronto,2025-01-27 00:00:00 UTC,2024-25,250000,640279,Dr.,Mikko,null,Taipale,Capital,English,"Proteomics, human pathogens, pathogenic effectors, protein homeostasis, cGAS-STING pathway, innate immune response.",7109866,0.035162407
Ontario Research Fund - Research Infrastructure,Small Infrastructure Fund - Round 061 - 2024 - June,44975,"Effects of climate change, migratory plasticity and habitat modification on monarch butterfly migration",Monarch butterflies are a conservation priority in Ontario. Dr. Freedman’s research will advance this priority by improving forecasts of climate change impacts and developing tools for tracking changes in the availability of milkweed host plants.,RDF10,Natural Sciences,RDF106,Biological Sciences,RDF10605,Biological evolution,RDF1060503,Biological adaptation,University of Toronto,University,Toronto,2025-01-27 00:00:00 UTC,2024-25,200000,500000,Dr.,Micah,null,Freedman,Capital,English,"Ecology, evolutionary biology, climate change, adaptation, habitat modification, chemical ecology, animal migration, monarch butterfly.",7109866,0.028129925
Ontario Research Fund - Research Infrastructure,Small Infrastructure Fund - Round 061 - 2024 - June,44982,The Open Virome - Infrastructure for Planetary-Scale Virus Surveillance,"Dr. Babaian will pioneer advanced methods for detecting and prioritizing infectious agents in sequencing data at ultra-high efficiency. Through cutting edge advancements of computational and molecular genetics, his team will lead the way in a new era of big data virology research and industry in Ontario.",RDF10,Natural Sciences,RDF102,Computer and information sciences,RDF10208,Bioinformatics,RDF1020801,Algorithms and computational genomics,University of Toronto,University,Toronto,2025-01-27 00:00:00 UTC,2024-25,80000,214457,Dr.,Artem,null,Babaian,Capital,English,"Computational Virology, Ontario Viromics Core, Molecular Biology/Genetics, Nucleic Acid Extraction.",7109866,0.01125197
Ontario Research Fund - Research Infrastructure,Small Infrastructure Fund - Round 061 - 2024 - June,45085,Large Memory Compute Nodes for Generation of Quantum Machine Learning Data,We use adaptive experimental computing to generate quantum mechanics based training data for improved machine learning models which could accelerate the computational discovery of promising materials.,RDF10,Natural Sciences,RDF104,Chemical sciences,RDF10407,Computational and theoretical chemistry,RDF1040799,"Theoretical chemistry, n.e.c.",University of Toronto,University,Toronto,2025-01-27 00:00:00 UTC,2024-25,500000,1250000,Dr.,Anatole,null,von Lilienfeld,Capital,English,"Computational chemistry, machine learning, quantum mechanics, experimental computing.",7109866,0.070324813
Ontario Research Fund - Research Infrastructure,Small Infrastructure Fund - Round 061 - 2024 - June,44927,CPU-GPU Accelerated Optimal Process Design and Control to Rigorously Model Space-Time,"This project will leverage state-of-the-art multi-CPU-GPU computing resources to develop novel methods and tools needed to guide the design, deployment and operation of sustainable technologies in Ontario which will help combat climate change and help drive an environmentally sustainable economy.",RDF20-21,Engineering and technology,RDF205,Chemical engineering,RDF20501,Chemical engineering,RDF2050108,Process control and simulation in chemical engineering,University of Waterloo,University,Waterloo,2025-01-27 00:00:00 UTC,2024-25,80000,200039,Dr.,Joshua,null,Pulsipher,Capital,English,"Infinite-dimensional optimization, machine learning, optimization under uncertainty, process systems engineering, biomanufacturing.",699402,0.11438343
Ontario Research Fund - Research Infrastructure,Small Infrastructure Fund - Round 061 - 2024 - June,44944,Integrating behavioural science and digital health approaches to predict and promote physical activity,"Engaging in regular physical activity leads to important health benefits; however, many adults are insufficiently active. The objective of this research is to examine factors affecting physical activity decision-making. Infrastructure is requested to assess the mechanisms underlying choice and evaluate the efficacy of novel digital interventions.",RDF50,Social sciences,RDF501,Psychology and cognitive sciences,RDF50101,"Psychology, social and behavioural aspects",RDF5010119,Sport and exercise psychology,University of Waterloo,University,Waterloo,2025-01-27 00:00:00 UTC,2024-25,100000,263457,Dr.,Sheereen,null,Harris,Capital,English,"Exercise psychology, behavioural science, health, digital health, mental fatigue, physical activity, motivation, ecological momentary assessment, effort.",699402,0.142979288
Ontario Research Fund - Research Infrastructure,Small Infrastructure Fund - Round 061 - 2024 - June,44965,Developing a high-throughput genome-wide screening system to study stress defense mechanisms in Clostridioides difficile,This research seeks to identify comprehensive genetic determinants modulating C. difficile defense responses against nitrosative stress and critical antibiotics by developing an anaerobic high-throughput screening system. It will contribute to innovative therapeutic strategies for controlling C. difficile infections and inflammation.,RDF10,Natural Sciences,RDF106,Biological Sciences,RDF10607,Microbiology,RDF1060702,Bacteriology,University of Waterloo,University,Waterloo,2025-01-27 00:00:00 UTC,2024-25,150000,465306,Dr.,Abiola,null,Olaitan,Capital,English,"Stress defense response, nitrosative stress, inflammation, antibiotic resistance, Clostridioides difficile, high throughput screening, transposon mutagenesis.",699402,0.214468932
Ontario Research Fund - Research Infrastructure,Small Infrastructure Fund - Round 061 - 2024 - June,44981,Translational approaches to studying chronic pain,"Over 2.6 million Ontarians are affected by chronic pain and more effective treatment strategies are needed. By pairing innovative translational models with cutting edge physiology tools and behavioural techniques, Dr. Dedek’s research will improve our understanding of the changes within the spinal cord that underlie chronic pain.",RDF10,Natural Sciences,RDF106,Biological Sciences,RDF10611,"Neurosciences, biological and chemical aspects",RDF1061108,Neurophysiology,University of Waterloo,University,Waterloo,2025-01-27 00:00:00 UTC,2024-25,100000,258209,Dr.,Annemarie,null,Dedek,Capital,English,"Pain, chronic pain, spinal cord, electrophysiology, behavioural models, translational models, pharmacology.",699402,0.142979288
Ontario Research Fund - Research Infrastructure,Small Infrastructure Fund - Round 061 - 2024 - June,45010,Creation and Validation of the Waterloo Dress Database to Support Impression Formation Research,Psychologists know little about the role of dress in impression formation. The project will create a standardized Waterloo Dress Database by capturing photographs of diverse individuals in 20 outfits and creating a codebook for researchers. This project will support Ontarian and global research on dress and impression formation.,RDF50,Social Sciences,RDF501,Psychology and cognitive sciences,RDF50101,"Psychology, social and behavioural aspects",RDF5010124,Social cognition,University of Waterloo,University,Waterloo,2025-01-27 00:00:00 UTC,2024-25,22000,56117,Dr.,Neil,null,Hester,Capital,English,Stimulus creation; impression formation; person perception; dress; clothing;stereotyping; prejudice; social categorization.,699402,0.031455443
Ontario Research Fund - Research Infrastructure,Small Infrastructure Fund - Round 061 - 2024 - June,44718,Integrative Cerebrovascular Function,Dr. Bain's Integrative Vascular Physiology Lab (IVPL) is dedicated to unraveling the complexities of blood vessel function and its crucial connections to heart and brain health. The research encompasses two primary objectives: 1) understanding the mechanisms of vascular dysfunction and 2) providing novel therapeutic options.,RDF3010601,Systems physiology,RDF3030104,Cerebrovascular sciences (including stroke),RDF3020101,Cardiology and circulatory sciences (including cardiovascular disease),null,null,University of Windsor,University,Windsor,2025-01-27 00:00:00 UTC,2024-25,75159,202792,Dr.,Anthony,null,Bain,Capital,English,Brain blood flow; Blood pressure; Neurodegenerative disease; cardiovascular disease; cerebrovascular disease.,484698,0.155063565
Ontario Research Fund - Research Infrastructure,Small Infrastructure Fund - Round 061 - 2024 - June,44964,Understanding Reaction Mechanism and Properties of Low-carbon Cements/Concretes,The proposal aims to develop and understand low-carbon cements and concretes by exploring innovative formulations and studying their reaction mechanisms and properties. It utilizes advanced analytical tools like isothermal calorimetry and particle size analyzers to optimize material properties for sustainable construction.,RDF20-21,Engineering and technology,RDF201,"Civil engineering, maritime engineering, transport engineering, and mining engineering",RDF20101,Civil engineering,RDF2010103,"Concrete, cementitious materials and other architectural and construction",University of Windsor,University,Windsor,2025-01-27 00:00:00 UTC,2024-25,75001,204604,Dr.,Adeyemi,null,Adesina,Capital,English,"Sustainable Construction Materials, Low-Carbon Cement Technology, Cement, Hydration Kinetics, Green Building Materials, Alternative Cementitious Materials.",484698,0.154737589
Ontario Research Fund - Research Infrastructure,Small Infrastructure Fund - Round 061 - 2024 - June,44969,Facility for Research in Sustainable and Smart Pavement Materials,This research program is being undertaken to improve the sustainability and resilience of pavements and enable a more efficient pavement management system. Experimental testing is being conducted to develop self-sensing  asphalt mixes with recycled materials and developing an Artificial Intelligence framework for structural monitoring.,RDF20-21,Engineering and technology,RDF201,Transportation Engineering,RDF20103,Land Transportation Systems Engineering,RDF2010306,Pavement Materials and Structure,University of Windsor,University,Windsor,2025-01-27 00:00:00 UTC,2024-25,75001,211215,Dr.,Abimbola,Grace,Oyeyi,Capital,English,"Self-sensing, asphalt mixes, recycled concrete aggregate, reclaimed asphaltpavement, pavement management systems, material characterization, sustainability.",484698,0.154737589
Ontario Research Fund - Research Infrastructure,Small Infrastructure Fund - Round 061 - 2024 - June,44999,STRIVE: Sustainable Transportation Research - Integrated Vehicular Electronics,"Modular powertrains technology has shown promise to drastically reduce cost, weight and energy consumption of EVs. However, the solution cannot be commercialized as it is not compatible with current products, e.g., onboard chargers. STRIVE will bridge the compatibility gap and unleash the deployment of this superior EV architecture.",RDF20-21,Engineering and technology,RDF203,"Electrical engineering, computer engineering, and information engineering",RDF20304,Electrical energy systems,RDF2030409,Electric machines and drive systems,University of Windsor,University,Windsor,2025-01-27 00:00:00 UTC,2024-25,75001,190812,Dr.,Caniggia,null,Viana,Capital,English,"Power Electronics, Electric Vehicles, Integrated Charging, Sustainability.",484698,0.154737589
Ontario Research Fund - Research Infrastructure,Small Infrastructure Fund - Round 061 - 2024 - June,45038,Acoustic Monitoring for Long-term Biodiversity and Conservation Research,"The objective of the proposal is to establish a large-scale acoustic monitoring program at the University of Windsor for ecological biodiversity assessment and conservation in Essex County. Infrastructure will include passive acoustic monitors, acoustic cameras and associated equipment required for calibration and maintenance.",RDF10,Natural Sciences,RDF106,Biological Sciences,RDF10603,Ecology (except applications),RDF1060301,Behavioural ecology,University of Windsor,University,Windsor,2025-01-27 00:00:00 UTC,2024-25,75001,187504,Dr.,Hannah,null,ter Hofstede,Capital,English,"Behavioural ecology, conservation biology, passive acoustic monitoring, automated sound identification, experimental acoustic ecology, habitat restoration.",484698,0.154737589
Ontario Research Fund - Research Infrastructure,Small Infrastructure Fund - Round 061 - 2024 - June,45054,High-precision infrastructure for temperature and dynamic stability testing of micro sensors,The requested industry-standard infrastructure will facilitate cutting-edge research in developing micro inertial sensor based highly-stable and ultra-precise smart navigation system to enable long-term drift free autonomous navigating that works anywhere and anytime without GPS.,RDF20-21,Engineering and technology,RDF204,Mechanical Engineering,RDF20499,Other mechanical engineering,null,null,University of Windsor,University,Windsor,2025-01-27 00:00:00 UTC,2024-25,165045,438739,Dr.,Mohammed,Jalal,Ahamed,Capital,English,"Microelectromechanical Systems (MEMS), Sensors, Fabrication, Semiconductor, Stability.",484698,0.340510999
Ontario Research Fund - Research Infrastructure,Biosciences Research Infrastructure Fund - Stage 2,500008,INSPIRE: Integrated Network for the Surveillance of Pathogens: Increasing REsilience and capacity in Canada’s pandemic response,Infrastructure is requested to establish the Cross-Border Pathogen Facility and increase pathogen surveillance capacity amongst INSPIRE partners to alert Ontario’s biomanufacturing sector of potential biothreats that may compromise supply chains originating in the US.,RDF10,Natural Sciences,RDF106,Biological Sciences,RDF10607,Microbiology,RDF1060709,Environmental microbiology (including air microbiology),University of Windsor,University,Windsor,2025-01-27 00:00:00 UTC,2024-25,1380140,3443649,null,Robert,M,McKay,Capital,English,"Bioinformatics; wastewater surveillance; supply chain management; cross-border policy; pandemic preparedness; ONE Health; health systems; genomic epidemiology; antimicrobial resistance; metagenomics; digital epidemiology; emerging pathogens; artificial intelligence
genomic sequencing; ultralow temperature freezers; liquid handling robotics; biosafety cabinets; biobanking; microfluidics; biosensors; acoustic liquid handler; ddPCR; qPCR",484698,2.847422519
Ontario Research Fund - Research Infrastructure,Small Infrastructure Fund - Round 061 - 2024 - June,44872,Sahtú Lake Ice Monitoring Science Mobile Lab (Sahtú Lab),"Sahtú Lab platform will closely integrate transformational research on water resources with the development of new water/snow/ice sensing technologies improve the water management plans, winter roads safety and northern communities’ well-being and inform adaptive and sustainable water policy and management in Ontario.",RDF10,Natural Sciences,RDF105,Earth and related environmental sciences,RDF10508,Cryosphere processes,RDF1050801,Physics of snow and ice,Wilfrid Laurier University,University,Waterloo,2025-01-27 00:00:00 UTC,2024-25,76388,190971,Dr.,Homa,null,Kheyrollah Pour,Capital,English,"Mobile lab, cold regions, winter limnology, lake ice, water quality, youth education.",699402,0.109219019
Ontario Research Fund - Research Infrastructure,Small Infrastructure Fund - Round 061 - 2024 - June,45058,Deepen our understanding on plant-pathogen interactions in adapt to climate change,"Climate change leads to increasingly unpredictable plant disease pressures, which have adverse impacts on the agricultural sector by decreasing crop production. This research will evaluate the effect of increased CO2 concentration and temperature on plant and fungal pathogen interactions to improve plant resilience.",RDF40,Agricultural and veterinary sciences,RDF401,"Agriculture, forestry, and fisheries",RDF40102,Crop and pasture production,RDF4010208,"Crop and pasture protection (pests, diseases and weeds)",Wilfrid Laurier University,University,Waterloo,2025-01-27 00:00:00 UTC,2024-25,75648,189234,Dr.,Zhongwei,null,Zou,Capital,English,"CO2, Plant-Pathogen interaction, Brassica napus, Canola, Blackleg, CRISPR genome editing, Plant Defense.",699402,0.108160972
Ontario Research Fund - Research Infrastructure,Small Infrastructure Fund - Round 061 - 2024 - June,44899,An advanced platform for biomolecular NMR spectroscopy,The objective of this proposal is to establish the highest level of data quality at the YSciCore core facility through an instrument upgrade to the existing high field NMR spectrometer that will enable contemporary biomolecular experiments in the fields of neuroscienc and biosensor development.,RDF104,Chemical sciences,RDF10405,Biomolecular and medicinal chemistry,RDF1040503,Characterization of biological macromolecules and biological systems,null,Development and applications of spectroscopic and structural techniques,York University,University,Toronto,2025-01-27 00:00:00 UTC,2024-25,155000,930251,Dr.,Logan,null,Donaldson,Capital,English,"Protein structure, nucleic acid structure, protein complexes, metabolomics, drug screening.",7109866,0.021800692
Early Researcher Awards,Early Researcher Awards - Round 018,ER24-18-003,Making Accessible Media with Youth: Advancing Disability and Access,"Ontario youth with disabilities are becoming world leaders in making accessible media. Their online content production is creative, compelling, and has proven to change people’s attitudes toward disability. With the implementation deadline for the Accessibility for Ontarians with Disabilities Act (2025) nearing, this project elevates Ontario youth’s access-forward communication practices that go beyond compliance—their skills are vast, vibrant, and uncontainable by “best practices” checklists. By measuring how standards are currently taken up in Ontario post-secondary media programs, this project mobilizes four free online “RelaxComm” Summer Institutes to train and mentor 60 young content creators from around the world in Ontario-based accessible media production. The Summer Institutes, rooted in Ontario disabled youth’s “relaxed” approach to accessibility, are supported by a network of international mentors from Canada, the United States, and Australia, as well as 12 highly qualified Ontario-based personnel uniquely trained as Access Activators with expertise in ethical practice—a postdoctoral fellow, a research associate, and graduate students. In consultation with a 10-person Youth Advisory Committee, the team will produce a publicly available co-authored report recommending new accessibility standards and formats in information and communication policy with impact provincially, nationally, and internationally.",RDF50,Social sciences,RDF508,Media and Communications,RDF50801,Communication and Media Studies,null,null,Brock University,University,St. Catharines,2025-03-20 00:00:00 UTC,2024-25,140000,190000,Dr.,Chelsea,Temple,Jones,Operating,English,"Accessible media, children and youth, communications, disability media studies, disability studies, critical access, critical digital pedagogy, relaxed performance, RelaxPed, disability representation",493608,0.283625873
Early Researcher Awards,Early Researcher Awards - Round 018,ER24-18-013,Understanding and Addressing Technology-Facilitated Sexual Offences in Ontario,"The proposed research will address the rise of technology-facilitated sexual offences in Ontario, including nonconsensual forwarding of sexts and sextortion, and the crossover from online child sexual exploitation material (CSEM) to in-person sexual offences. These offences have surged with increasing internet use and sexting, straining Ontario's criminal justice system.

To tackle these issues, the research will identify factors linked to these offences. In Objective 1 and 2, a longitudinal survey of 800 university students will identify the predictors of victimization and perpetration of nonconsensual forwarding and sextortion. In Objective 3, data from a cohort of 800 CSEM offenders, collected through my existing partnerships with Ontario Corrections and Ontario Provincial Police, will be analyzed to detect factors that predict which CSEM offenders cross-over to commit in-person sexual offences.  

The benefits to Ontario are substantial. The findings will inform prevention programs and sexual education curricula for schools and universities, reducing the incidence of these offences. The insight gained will also enhance the management of sex offenders in Ontario, helping prioritize resources, enhancing public safety, and reducing the burden on the criminal justice system. Ultimately, the research will contribute to safer communities and lower the societal costs associated with sexual offences in Ontario.",RDF50,Social sciences,RDF501,Psychology and cognitive sciences,RDF50101,"Psychology, social and behavioural aspects",null,null,Carleton University,University,Ottawa,2025-03-20 00:00:00 UTC,2024-25,140000,190000,Dr.,Kelly,M.,Babchishin,Operating,English,Technology-facilitated sexual offences; Child sexual exploitation material; Nonconsensual forwarding; Sextortion; Risk assessment; Prevention; Correctional outcomes,1291272,0.108420224
Early Researcher Awards,Early Researcher Awards - Round 018,ER24-18-014,Synergies and trade-offs between human health and biodiversity outcomes of nature-based solutions in Ontario cities,"Biodiversity loss is accelerating, and concurrently, rates of mental illness are on the rise. Urban living exacerbates these intertwined crises, which are particularly pressing in heavily urbanized southern Ontario. Nature-based solutions— interventions that work with nature to provide multiple benefits—hold the potential to tackle these two challenges simultaneously. Although policymakers across Canadian cities have demonstrated a growing interest in nature-based solutions, the outcomes for biodiversity and human health, including the trade-offs and synergies between these domains, remain poorly understood. Building on the biodiversity-focused research program I have established at Carleton University, my HQP and I will use an interdisciplinary approach to assess the outcomes of nature-based solutions and explore how to bring these interventions to scale. We will: 1) explore the outcomes of reducing traffic in urban parks for wildlife and human visitors, including visitors with limited mobility; 2) evaluate the co-benefits of tree planting in urban areas for mental health and biodiversity; and 3) identify locations to scale up urban nature-based solutions in Ontario cities to benefit people’s health, as well as biodiversity. We will work with practitioners and policymakers to guide more effective nature-based solutions in Ontario while building capacity through HQP training and outreach.",RDF10,Natural Sciences,RDF105,Earth and related environmental sciences,RDF10510,Natural environment sciences,RDF1051002,Biodiversity,Carleton University,University,Ottawa,2025-03-20 00:00:00 UTC,2024-25,140000,190000,Dr.,Rachel,Therese,Buxton,Operating,English,biodiversity; birds; cities; co-benefits; mental health; nature-based solutions; synergies; trade-offs; urban,1291272,0.108420224
Early Researcher Awards,Early Researcher Awards - Round 018,ER24-18-022,Decarbonizing Steel and Auto Manufacturing Industries in Ontario,"Ontario is at the heart of Canada’s metal and auto manufacturing. However, production of metals and their use in cars has a significant carbon footprint: >2 tons of CO2 per ton of steel and >5.6 tons of CO2 per ton of aluminum. Significant amounts of scrap metal waste that cannot easily be recycled are produced during metal and auto manufacturing. These industries must reduce their emissions and waste to stay competitive in Ontario. The steel industry must provide 50% of Ontario’s commitment of 12,000,000 tonnes of CO2 emissions reductions by 2030. The auto industry has a mandate to source its metals from low-emission vendors. This project develops technologies that oxidize waste scrap metal from various manufacturing processes with air, water or CO2 to produce emission-free energy, green hydrogen, syngas and valuable metal oxide commodities. Reactivity of samples from industry partners will be investigated to obtain optimum process conditions for maximum yield and desired particle properties. Techno-economic and life cycle analysis will be performed to quantify economic and emission reduction benefits of such technologies for Ontario. Adopting such technologies and their products could significantly reduce the carbon footprint and cost of manufacturing processes by heavy industries in Ontario.",RDF20-21,Engineering and technology,RDF205,Chemical engineering,RDF20501,Chemical engineering,RDF2050107,Powder and particle technology,Carleton University,University,Ottawa,2025-03-20 00:00:00 UTC,2024-25,140000,190000,Prof.,Mohammad Reza,null,Kholghy,Operating,English,"Scrap Aluminum, Scrap Iron, Steel Manufacturing Metallic Waste, Auto Manufacturing  Metallic Waste, Low Carbon Hydrogen, Metal Fuels, Metal Oxides, Carbon Dioxide Conversion",1291272,0.108420224
Early Researcher Awards,Early Researcher Awards - Round 018,ER24-18-027,Disrupting sex steroid hormones in young women,"In Ontario, the burden of depression (measured in years of life lost and years of reduced functioning) is more than the combined burden of lung, colorectal, breast, and prostate cancers. While the causes are complex, women are twice as likely to suffer from depression than men, and significant evidence points to the involvement of sex steroid hormones, such as estrogen. It is surprising then that more than 100 million women worldwide use hormone contraceptives, which affect natural levels of estrogen, and progesterone, without fully understanding their influence. The lack of evidence on how hormone contraceptives affect women’s brains, bodies and behaviours is one of the most striking oversights in neuroscience history. To correct this oversight, my ERA research will examine the short and long-term effects of hormone contraceptives on neurobiology, stress physiology, and mental health among young women. These findings could inform medical recommendations for specific hormonal contraceptives, allowing young women to make evidence-based decisions about their health. Moreover, this proposal will help elucidate the role of sex steroid hormones in depression, potentially contributing to more effective and tailored treatments in Ontario, which is needed as current pharmacological treatments are effective in less than 50% of individuals with depression.",RDF30,"Medical, health and life sciences",RDF301,Basic medicine and life sciences,RDF30104,"Neurosciences, medical and physiological and health aspects",null,null,Carleton University,University,Ottawa,2025-03-20 00:00:00 UTC,2024-25,140000,190000,Dr.,Robyn,Jane,McQuaid,Operating,English,"Cortisol, Estrogen, Epigenetics, Depression, Hormone Contraceptives, Inflammation, Mental health, Sex hormones, Stress, Women",1291272,0.108420224
Early Researcher Awards,Early Researcher Awards - Round 018,ER24-18-044,Improving food allergy care using allergen thresholds,"Food allergy is a growing problem affecting over 7% of Ontarians and 1 in 2 households. Food allergic reactions and management costs Ontario's economy $16.4 billion annually directly (healthcare utilization, patient expenses) and indirectly (lost productivity, schooling, and time). Current experimental treatments that desensitize food allergy, called immunotherapy, cause significant adverse effects. Hence, how to best manage food allergy is unclear. I propose an  Ontario multicentre registry study (TITAN) to define how much allergen needs to be eaten in order to trigger an allergic reaction, critical to understanding food safety, and identify ways to predict allergy sensitivity and reactivity. For patients in TITAN identified as food allergic, I propose a placebo-controlled randomized clinical trial (TRADE) to evaluate two new treatments employing immunotherapy at doses that could have beneficial effects and little to no adverse effects. TITAN could improve patient safety and provide evidence-based safe allergen levels for food manufacturers/industry. The Ontario TRADE clinical trial could transform standards of care in food allergy with two new treatments. By decreasing reactions, emergency room and physician visits, lost productivity, and improving quality of life, these projects have the potential to improve the outcomes of Ontarians with food allergy and alleviate its economic burden.",RDF30,"Medical, health and life sciences",RDF302,Clinical medicine,null,null,null,null,McMaster University,University,Hamilton,2025-03-20 00:00:00 UTC,2024-25,140000,190000,Dr.,Derek,Kuo-Cheng,Chu,Operating,English,food allergy; treatment and management; diagnosis; randomized clinical trials; prognosis; registry; evidence-based medicine; clinical research; improving outcomes; patient and family engagement,862679,0.162285161
Early Researcher Awards,Early Researcher Awards - Round 018,ER24-18-047,Advancing Affordable Housing in Ontario Using Resilient Additively Manufactured Homes,"Recent reports by the Canada Mortgage and Housing Corporation demonstrated that the housing stock-to-population ratio in Ontario is rapidly declining and the province needs an additional 1.48 million housing units by 2030 to restore affordability. The current shortage of affordable housing is disproportionately borne by youth, Indigenous, and racialized communities in Ontario. This housing crisis is partly attributed to the fact that construction remains largely a manually intensive process, whereas many other industries have made significant progress in the use of digital and automation technologies. The proposed research will empower digital and mobile construction in Ontario by developing ready-to-use construction techniques for additively manufactured (AM) concrete homes. To provide our communities with resilient housing, this research will employ advanced experimental and computational techniques such as artificial intelligence tools to quantify the performance of such structures under severe environmental conditions and extreme seismic scenarios. The public and private sectors will directly benefit from the research outcomes by promoting equal affordable housing opportunities. As the field of AM concrete structures is still in its infancy in terms of standardization, this research will facilitate knowledge mobilization from academia to industrial applications and position Ontario as a world leader in this emerging construction field.",RDF20-21,Engineering and technology,RDF201,"Civil engineering, maritime engineering, transport engineering, and mining engineering",RDF20101,Civil engineering,RDF2010106,Structural engineering,McMaster University,University,Hamilton,2025-03-20 00:00:00 UTC,2024-25,140000,190000,Dr.,Mohamed,null,Ezzeldin,Operating,English,Additive Manufacturing; Concrete; Data-driven; Durability; Dynamic Loading; Earthquakes; Hazards; Housing; Predictive Models; Resilience,862679,0.162285161
Early Researcher Awards,Early Researcher Awards - Round 018,ER24-18-063,Using rehabilitation to improve outcomes in Ontarians with a history of cancer,"Individuals with a cancer diagnosis are living longer. However, survivors of cancer live with physical and psychosocial sequalae affecting their overall function, quality of life, and ability to return to pre-cancer activities. As the number of Ontarians living with a cancer diagnosis increases, research and clinical focus must be centered on managing the persistent limitations of this population. Rehabilitation has known benefits for individuals living with cancer, however access and engagement is low. This program of research is focused on 1) implementing physical activity and exercise for individuals with a current or past diagnosis of cancer within cancer institutions across Ontario, and 2) using technology to detect upper extremity impairment early in those with a history of cancer. In the first research arm we are conducting a full-scale implementation-effectiveness trial using randomized controlled trial methodology in 129 participants at five cancer centers across Ontario to measure functional outcomes and cost-effectiveness over five years. In the second arm we are creating and testing an mHealth system (StrongArms-Cancer) to prevent, track, and manage upper extremity complications in survivors of cancer. These projects represent innovative contributions to cancer research and have direct relevance on improving the lives of individuals with cancer in Ontario.",RDF30,"Medical, health and life sciences",RDF303,Health Sciences,RDF30303,Rehabilitation medicine,null,null,McMaster University,University,Hamilton,2025-03-20 00:00:00 UTC,2024-25,140000,190000,Dr.,Jenna,F.,Smith-Turchyn,Operating,English,"cancer, oncology, rehabilitation, exercise, physical activity, self-management, self-care, function, technology, implementation science",862679,0.162285161
Early Researcher Awards,Early Researcher Awards - Round 018,ER24-18-064,Generative AI for novel antibiotic design against drug-resistant bacterial pathogens,"Antibiotic resistance is a global threat to public health. In 2019, approximately 1.3 million deaths were caused globally by antibiotic-resistant infections. In 2018, it is estimated that over 25% of bacterial infections in Canada were resistant to at least one first-line antibiotic, and that 14,000 Canadian deaths were associated with antibiotic resistance. In Ontario, on average, the number of drug-resistant bacterial infections has tripled since the early 2000s, from ~5% to upwards of 15%. To increase the rate of development of novel antibiotics, we must invent innovative methods that increase the efficiency of this process. Here, we will develop and apply state-of-the-art generative AI models to design novel antibiotics against the ESKAPE pathogens – a group of burdensome bacterial species that are responsible for the overwhelming majority of antibiotic-resistant infections. This will be achieved through (a) developing reinforcement learning-based generative AI models; (b) developing language-based generative AI models; and (c) using both architectures to design novel antibitoics that will be synthesized and tested in the laboratory. This leading-edge research will attract HQP, accelerate the Ontario biotechnology sector by providing the province with novel antibacterial molecules with strong translational potential, and help relieve the burden of drug-resistant infections on Ontario healthcare systems.",RDF30,"Medical, health and life sciences",RDF301,Basic medicine and life sciences,RDF30103,Medical microbiology,RDF3010305,Antimicrobial resistance,McMaster University,University,Hamilton,2025-03-20 00:00:00 UTC,2024-25,140000,190000,Dr.,Jonathan,null,Stokes,Operating,English,"artificial intelligence, machine learning, reinforcement learning, chemical language model, drug discovery, microbiology, antibiotic discovery, antibiotic resistance",862679,0.162285161
Early Researcher Awards,Early Researcher Awards - Round 018,ER24-18-068,Integrated Multi-layer Traffic Prediction and Management with Connected and Automated Vehicles,"According to the Ontario Ministry of Transportation (MTO), road congestion currently costs Ontario’s economy over $11 billion annually in lost productivity. Moreover, travel time on most major freeways in Ontario is projected to increase by 44% between 2016 and 2051. This research aims to solve two critical challenges: real-time traffic monitoring and efficient traffic management, to enhance transportation services in Ontario. To achieve this goal, an AI platform will be developed to monitor and manage road transportation using connected and autonomous vehicles (CAVs) and AI/machine learning technologies for city-level road networks in cities like Hamilton and Toronto. The platform will utilize multi-source data collected by CAVs to monitor and predict traffic conditions and train AI-based CAV control to mitigate gridlock.
For the first time, this research will create an AI and CAV-enabled platform that integrates real-time traffic estimation, prediction, and multi-layer traffic management for Ontario road networks. In the long term, the system will assist both public and private transportation entities in Ontario to collaboratively deploy innovative CAV applications in large cities. It will also support MTO’s Greater Golden Horseshoe (GGH) plan to alleviate congestion and enhance the movement of people and goods.",RDF20-21,Engineering and technology,RDF201,"Civil engineering, maritime engineering, transport engineering, and mining engineering",RDF20103,Land transportation systems engineering,RDF2010301,Traffic and highway engineering,McMaster University,University,Hamilton,2025-03-20 00:00:00 UTC,2024-25,140000,190000,Dr.,Hao,null,Yang,Operating,English,"Connected and automated vehicles, AI and machine learning, traffic estimation and prediction, large-scale network management, road congestion mitigation, mobility services, real-time traffic control",862679,0.162285161
Early Researcher Awards,Early Researcher Awards - Round 018,ER24-18-077,Discovering general principles for strongly interacting metals,"Metals are a commonly encountered state of matter. Metals in which the physics is dominated by strong interactions between electrons are known as “non-Fermi liquids”. They remain poorly understood theoretically, and many striking experimental observations, such as electrical resistivity that varies linearly with temperature, have not yet been explained.

In this project, we will adopt a new strategy. Rather than seeking to develop particular models of non-Fermi liquids, we will endeavour to identify the general principles and constraints that *all* metals must satisfy. This will build on my previous work establishing general properties of metals using modern methods in strongly interacting quantum field theories. A focus will be on developing the concept of “holography” into a theoretical laboratory to test general principles.

The project is expected to yield a more systematic understanding of the theoretical possibilities for non-Fermi liquid metals, ultimately allowing for direct comparisons with experiment. It will increase the profile of theoretical condensed matter physics research in Ontario. The project will train two PhD students in modern and innovative methods in condensed matter physics, and in broadly applicable quantitative skills, preparing them for successful careers in academia or industries including artificial intelligence, quantum information, or finance.",RDF10,Natural Sciences,RDF103,Physical Sciences,RDF10305,Condensed matter physics,RDF1030504,Electronic and magnetic properties of condensed matter and supraconductivity,Perimeter Institute for Theoretical Physics,Research Institute,Waterloo,2025-03-20 00:00:00 UTC,2024-25,140000,190000,Dr.,Dominic,Victor,Else,Operating,English,"Strongly interacting quantum many-body systems, Metals, Non-Fermi liquid metals, Strange metals, Holography, T-linear resistivity, Emergent symmetries, Fermi surfaces",699402,0.200171003
Early Researcher Awards,Early Researcher Awards - Round 018,ER24-18-078,Advanced computer simulations to study zirconium for Ontario nuclear reactors,"Ontario's nuclear reactors, which provide nearly 60% of the province's electricity, rely on zirconium (Zr) alloys for key components. However, these materials face challenges from radiation and hydrogen exposure, which can lead to structural issues like deformation and cracking of reactor pressure tubes. My research aims to use advanced computer simulations to understand how these problems occur at the atomic level. By studying the behavior of nanoscale defects and hydrogen atoms within Zr alloys, we can predict how these materials will behave over time under reactor conditions.
The insights gained will help improve the design and maintenance of reactor components, making Ontario's nuclear reactors safer and more efficient. Additionally, this research will train new experts in cutting-edge computational techniques, who will be highly valuable to Ontario's nuclear industry. The outcomes will not only support Ontario's energy sector but also enhance the province's position as a leader in advanced materials science and technology. By addressing these critical issues, we contribute to the safe and sustainable future of Ontario's nuclear power.",RDF10,Natural Sciences,RDF103,Physical Sciences,RDF10305,Condensed matter physics,RDF1030503,Condensed matter modeling and density functional theory,Queen's University,University,Kingston,2025-03-20 00:00:00 UTC,2024-25,140000,190000,Prof.,Laurent Karim,null,Béland,Operating,English,materials modeling; atomistic simulations; machine learning; computational materials science; nuclear materials; zirconium hydrides; radiation effects,192395,0.727669638
Early Researcher Awards,Early Researcher Awards - Round 018,ER24-18-080,Rhizobium inoculants for Ontario adzuki bean and soybean crops,"Over 40% of Ontario’s seeded crop land is used to grow legumes. Legumes are climate-smart crops able to associate with nitrogen-fixing bacteria (called rhizobia) that can eliminate the need for nitrogen fertilizer. However, there are no commercially available rhizobium products to support the nutrition of the high value crop adzuki bean, while there is a risk that existing inoculants for the widely grown soybean crop will lose effectiveness. Developing new rhizobium products will ensure Ontario growers can grow these important crops with limited chemical inputs, thereby keeping grower costs low, promoting national food security, and limiting the production of greenhouse gases. To accomplish this, we will collect 100s of rhizobia from Ontario soils able to associate with Ontario cultivars of adzuki bean and soybean. We will screen these bacteria for their ability to fulfill the nitrogen requirements of these crops in greenhouse conditions, with field trials subsequently undertaken using the top-performing strains. Effective strains will be made available to growers through partnering with Canadian-based inoculant companies or through establishing Ontario-based start-ups. We will additionally monitor the effectiveness of current soybean inoculants, providing growers crucial information to allow them to make informed nutrient management decisions.",RDF10,Natural Sciences,RDF106,Biological Sciences,RDF10607,Microbiology,RDF1060709,Environmental microbiology (including air microbiology),Queen's University,University,Kingston,2025-03-20 00:00:00 UTC,2024-25,140000,190000,Dr.,George,Colin,diCenzo,Operating,English,"Rhizobia; legumes; symbiotic nitrogen fixation; nodulation; plant-microbe interactions; whole genome sequencing; comparative genomics; environmental microbiology, plant-growth promoting rhizobacteria; bacteriology",192395,0.727669638
Early Researcher Awards,Early Researcher Awards - Round 018,ER24-18-081,Integrated carbon capture and conversion to fuels and chemicals,"Capturing the greenhouse gas CO2 and converting it into useful chemicals and fuels using renewable energy (carbon utilization) are the focus of intense research worldwide because they are crucial tools for limiting global warming by sequestering emissions from hard-to-decarbonize sources. The renewable fuels resulting from this process can also serve as stable energy storage for variable wind and solar power, which reduces the need for grid-level battery capacity. The proposed research will increase the practical viability of these technologies by integrating CO2 capture with electrochemical conversion to produce chemicals directly from the CO2 capture solution, thus eliminating one particularly energy-intensive step. It will also explore several innovative approaches to optimize system efficiency, longevity, and selective production of specific chemicals. 

This research program will support Ontario's CO2 emission reduction goals by reducing reliance on fossil-based fuels in transportation and other industries that account for 65% of Ontario's greenhouse gas emissions. It will also create opportunities for an emerging carbon capture and utilization industry, for which Ontario is ideally suited due to its comparatively low-carbon electricity supply. Additionally, this program will train and prepare Highly Qualified Personnel for CO2 reduction research leadership in academia and Ontario’s clean tech industry.",RDF20-21,Engineering and technology,RDF205,Chemical engineering,RDF20501,Chemical engineering,RDF2050101,Carbon capture engineering,Queen's University,University,Kingston,2025-03-20 00:00:00 UTC,2024-25,140000,190000,Dr.,Cao Thang,null,Dinh,Operating,English,"CO2 capture and utilization, renewable fuels and chemicals, electrochemical conversion, sustainability, electrocatalysis, CO2 conversion",192395,0.727669638
Early Researcher Awards,Early Researcher Awards - Round 018,ER24-18-087,The Onset of Planet Formation Around Young Stars,"Planets form in disks of dust and gas around young stars.  Many late-stage disks show structures such as gaps with less material and bright rings with more material.  Understanding how and when these disks become structured is key to determining when planets begin to form and the types of planets that will be produced.  If these features are sites where planets are born, then the conditions for forming planets arises early in the disk lifetime during the protostellar stage.  But only a handful of very young protostellar disks have had detected structure to date.  With this ERA grant, my team and I will use observations and simulations of young, protostellar disks in nearby star-forming regions to identify which disks have structure, measure their physical properties, and test different theoretical predictions for structure formation.  This grant will train students in data acquisition and analysis techniques that include the development of sophisticated 2-D and 3-D models of young disks.  We will use these models to study how protostellar disks become structured and the connection of these structures to planets.  We will further determine under which conditions these could produce an Earth-Moon system and test theories about the formation  of our Solar System.",RDF10,Natural Sciences,RDF103,Physical Sciences,RDF10301,Astronomy and space sciences,null,null,Queen's University,University,Kingston,2025-03-20 00:00:00 UTC,2024-25,140000,190000,Dr.,Sarah,Ilana,Sadavoy,Operating,English,"star formation, planet formation, interstellar dust, circumstellar disks, interferometry, radiative transfer models, synthetic observations",192395,0.727669638
Early Researcher Awards,Early Researcher Awards - Round 018,ER24-18-089,Preventing falls in Ontario using bio-inspired trunk exoskeletons,"Falls are the greatest cause of injury-related hospitalization within Ontario (Public Health Ontario 2022). Falls lower quality of life by decreasing mobility and are a direct barrier to older adults, the fastest growing age group in Ontario, and their desire to age independently in their homes or community. My project aims to prevent falls by (1) investigating gait stability of healthy adults in real-world environments and (2) developing a trunk exoskeleton that can detect and mitigate fall risk. We will conduct key human studies to evaluate how the trunk affects gait and integrate study findings into the development of a trunk exoskeleton controller that can provide indirect (haptic) or direct (active) assistance. Our proposed research has significant health, social, and economic value to Ontario. Fall prevention will enhance the well-being of older adults and support Ontario Health’s new ""aging care continuum plan"" (Annual Business Plan 2023/24). Reduced occurrence of fall-related hospital visits will ease healthcare costs and bolster Ontario Ministry of Health’s priority to reduce preventable emergency room visits. In addition, trainees’ advanced skillset in biomechanics and robotics will equip them to become leaders in the growing robotics and health technology industries, areas of strategic value to Ontario.",RDF20-21,Engineering and technology,RDF207,Medical and biomedical engineering,RDF20701,Medical and biomedical engineering,RDF2070108,Biomedical robotics,Queen's University,University,Kingston,2025-03-20 00:00:00 UTC,2024-25,140000,190000,Dr.,Amy,null,Wu,Operating,English,"balance, locomotion, stability, exoskeleton, bio-inspired control, human-robot interaction, mechanics, energetics, haptic feedback, perturbations",192395,0.727669638
Early Researcher Awards,Early Researcher Awards - Round 018,ER24-18-096,Pan-cancer quantification of immunosuppressive cell states by large-scale single-cell analysis,"The immune system is the first line of defense against cancer cells, but its ability to attack them is often severely impaired. Immunotherapies are recent therapeutic breakthroughs that reverse this immunosuppression; however, its exact causes remain unknown, limiting our ability to effectively target it to treat various forms of cancer. Recent technological advances have produced an abundance of data on the gene expression patterns of single cells from human cancers. This information can be used to reveal the specific roles of these cells, raising the tantalizing possibility of using patient samples to identify which human cell types contribute to immunosuppression in cancer for the first time. Here, we will develop and apply cutting-edge computational methods to map and compare the cell types promoting immunosuppression across eight different cancers. We will compare our findings between the sexes and investigate whether they are linked to patient responses to immunotherapy. Finally, we will develop machine learning approaches to prioritize novel therapeutic targets that can alleviate tumour immunosuppression. This research will provide new insights into fundamental cancer biology, deliver sought-after training in artificial intelligence and biomedical data analysis, and identify potential drug targets for future commercialization.",RDF30,"Medical, health and life sciences",RDF301,Basic medicine and life sciences,RDF30102,Cancer,null,null,Sinai Health System,Research Hospital,Toronto,2025-03-20 00:00:00 UTC,2024-25,140000,190000,Dr.,Kieran,null,Campbell,Operating,English,"machine learning, single-cell, tumour microenvironment, immunotherapy, immunosuppression, gene expression",7109866,0.019690948
Early Researcher Awards,Early Researcher Awards - Round 018,ER24-18-101,Studying the EffecTiveness of SGLT2 InHibitoRs on PallIative Outcomes in AdVancEd Heart Failure: The THRIVE-HF Collaborative,"Heart failure (HF) is a life-limiting condition associated with poor quality of life, burdensome symptoms, and high healthcare needs. Each year, an estimated 100,000 Canadians are diagnosed with HF, and 750,000 live with it. Sodium-glucose cotransporter-2 inhibitors (SGLT2is) are a novel class of medications that provide several benefits to adults with HF, including reducing the risk of hospitalization. However, lack of knowledge about their potential benefits and harms in people with advanced HF nearing end-of-life has limited their use in these vulnerable patients. In addition, these drugs could be useful palliative care interventions in regions with limited palliative care resources, such as rural Ontario. In this research, we will use cutting-edge approaches to define how SGLT2is impact the quality of life and healthcare usage of multimorbid Ontarians with advanced HF at end-of-life. This work will inform clinical practice, health policy, and the design of a pragmatic multicentre randomized clinical trial. This will conserve valuable healthcare resources and improve the care of the many Ontarians living with advanced HF.",RDF30,"Medical, health and life sciences",RDF302,Clinical medicine,RDF30202,Clinical sciences,RDF3020217,Clinical and translational cardiovascular sciences,Sinai Health System,Research Hospital,Toronto,2025-03-20 00:00:00 UTC,2024-25,140000,190000,Dr.,Kieran,Lewis,Quinn,Operating,English,"advanced heart failure, sodium glucose co-transporter 2 (SGLT2) inhibitors, end-of-life care, palliative care, quality of life, survival, health services research, patient safety",7109866,0.019690948
Early Researcher Awards,Early Researcher Awards - Round 018,ER24-18-105,Increasing Initiation of Diabetes Technologies Among Socially Disadvantaged Adults with Type 1 Diabetes through Patient- and Provider-Level Behaviour Change,"Advanced diabetes technologies like insulin pumps and continuous glucose monitoring devices are the most effective tools to help people manage life with type 1 diabetes. These technologies prevent life-limiting and expensive complications and should be readily accessible to all who are willing and able to use them appropriately. However, both financial and non-financial barriers make individuals with social disadvantage (e.g., low income, visible minority, language barrier) less likely to initiate diabetes technologies, contributing to worse diabetes outcomes. We are currently conducting a three-phase research project (EQUAT1D) that will develop strategies for increasing the initiation of diabetes technologies among adults with type 1 diabetes who are socially disadvantaged via specific tools for patients and their providers. This research will build on the EQUAT1D study, progressing it to a pivotal next stage: developing the specific clinical tools used in the program, then evaluating its feasibility and potential clinical effectiveness with a randomized controlled trial. This research will inform a larger definitive trial and influence health policy and clinical practice for type 1 diabetes in Ontario, leading to more equitable outcomes and saving healthcare costs.",RDF30,"Medical, health and life sciences",RDF303,Health Sciences,RDF30304,Health services and systems,RDF3030406,Health care effectiveness and outcomes,Sinai Health System,Research Hospital,Toronto,2025-03-20 00:00:00 UTC,2024-25,140000,190000,Dr.,Alanna,null,Weisman,Operating,English,"Type 1 Diabetes, Diabetes Technologies, Health Disparities, Randomized Controlled Trial, Feasibility Trial, Patient-Oriented Research, Implementation Research",7109866,0.019690948
Early Researcher Awards,Early Researcher Awards - Round 018,ER24-18-109,Artificial intelligence for guiding treatment decisions in acute ischemic stroke,"Stroke is a leading cause of death worldwide, with a significant societal and economic burden, including substantial healthcare costs and long-term disabilities for survivors. Current methods for identifying stroke severity and guiding endovascular treatment (EVT) are limited by their accuracy, processing times, and reliance on multiple imaging modalities prone to errors. Our project aims to revolutionize acute ischemic stroke care through advanced AI and deep learning models, addressing critical challenges in patient selection and treatment efficacy by developing three AI-based models: 
1. A segmentation model to precisely delineate stroke core and penumbra using multi-phase CT angiography and non-contrast CT data.
2. A generative model to synthesize CT perfusion maps from CT angiography and non-contrast CT, providing comprehensive perfusion information crucial for treatment decisions.
3. A predictive model integrating clinical data and imaging features to guide EVT patient selection, enhancing outcomes prediction.

Based on a very large dataset (>6,000 scans) from Sunnybrook Hospital, these models aim to improve accuracy, streamline workflow, and reduce time-to-treatment, thereby benefiting a large number of stroke patients across Ontario. This research will significantly impact clinical practice in Ontario, including enhanced treatment decisions, reduced healthcare costs, and expanded capabilities for stroke management beyond specialized centres.",RDF10,Natural Sciences,RDF103,Physical Sciences,null,null,null,null,Sunnybrook Health Sciences Centre,Research Hospital,Toronto,2025-03-20 00:00:00 UTC,2024-25,140000,190000,Dr.,Maged,null,Goubran,Operating,English,"Artificial Intelligence, stroke, medical imaging, CT, endovascular treatment, image segmentation, image generation, predictive modelling",7109866,0.019690948
Early Researcher Awards,Early Researcher Awards - Round 018,ER24-18-112,Improving Corneal Transplant Outcomes and Developing Next Generation Therapeutics for Ontarians,"In Ontario, approximately 3.5% of the population is affected by vision loss, which includes diseases that affect the cornea, the transparent front part of the eye that allows us to see. My research focuses on Fuchs endothelial corneal dystrophy (FECD), a progressive age-related disease with a female predilection that is the leading cause of corneal dysfunction, and the top indication for corneal transplantation worldwide and Ontario. My proposal aims to (1) improve corneal transplantation outcomes using a novel surgical delivery device that results in ready-to-use corneal transplantation tissue prepared by the Eye Bank of Canada – Ontario division, and (2) optimize Descemet’s stripping only (DSO), a new surgical technique that regenerates the corneal endothelium without a corneal transplant. This will have an immediate impact on Ontario patients requiring a corneal transplant as all corneal surgeons in Ontario will be able to use eye bank prepared corneal transplantation tissue to help improve surgical efficiency and operating room utilization, thus reducing surgical wait time (9 months) and allowing more patients to undergo timely surgery. Furthermore, my work to develop a novel therapeutic for DSO, will reduce healthcare costs in Ontario associated with corneal transplantation, and it has commercialization potential.",RDF30,"Medical, health and life sciences",RDF301,Basic medicine and life sciences,RDF30104,"Neurosciences, medical and physiological and health aspects",RDF3010406,"Sensory systems, visual",Sunnybrook Health Sciences Centre,Research Hospital,Toronto,2025-03-20 00:00:00 UTC,2024-25,140000,190000,Dr.,Stephan,null,Ong Tone,Operating,English,"Cornea, transplantation, Fuchs dystrophy, regeneration, aging, vision , DMEK, DSO, cell migration",7109866,0.019690948
Early Researcher Awards,Early Researcher Awards - Round 018,ER24-18-113,From Heart to Brain: The Influence of Cardiovascular Health and Menopause Timing on Dementia Risk in Women from Ontario,"In Ontario, over 250,000 people have dementia. Alzheimer's disease (AD) is the most common cause of dementia and disproportionately affects women, accounting for over two-thirds of cases. This sex disparity remains poorly understood. 

Vascular conditions like hypertension and obesity increase the risk of AD, with women becoming more vulnerable to these conditions after menopause. Menopause triggers a decline in estrogen, a sex hormone vital for brain health. The negative effects of menopause on brain function are more severe if menopause begins at an earlier age. Despite this, the combined impact of earlier menopause and poor vascular health on AD risk is not well understood.

This study aims to investigate how the timing of menopause and vascular health collectively influence brain and cognitive health in women in Ontario. We will also examine the modifying effects of hormone therapy and genetic factors. As such, this research seeks to uncover sex-specific mechanisms underlying AD to develop more tailored prevention and intervention strategies. By addressing this critical knowledge gap, we aim to combat the rising tide of dementia in Ontario and beyond, offering hope for effective, personalized approaches to women's brain health.",RDF30,"Medical, health and life sciences",RDF301,Basic medicine and life sciences,RDF30104,"Neurosciences, medical and physiological and health aspects",RDF3010414,Neurodegeneration,Sunnybrook Health Sciences Centre,Research Hospital,Toronto,2025-03-20 00:00:00 UTC,2024-25,140000,190000,Dr.,Jennifer,Sarah,Rabin,Operating,English,"Dementia, Alzheimer's disease, Women's health, Menopause, Cerebrovascular disease, Cardiovascular disease Cognitive Impairment, Genetics, APOE, BDNF",7109866,0.019690948
Early Researcher Awards,Early Researcher Awards - Round 018,ER24-18-127,Interventional Psychiatry Research Program: Pioneering Procedural Treatments in Mental Health,"About 1.14M Ontarians with depression do not respond to standard antidepressant treatments, thus have a condition known as difficult-to-treat depression (DTD). People with DTD experience challenges that limit their ability to perform day-to-day activities, face barriers to their meaningful participation in society, and are at risk of death by suicide. New procedural treatments, including inhaled or infused medications and brain stimulation, have the potential to help, but must first be examined in a controlled research environment to determine how well they work and for which types of patients. Our project will create a comprehensive research program to investigate procedural treatments that alleviate depressive symptoms in DTD. Our research will provide evidence that supports the use of procedural treatments for DTD, reduce the number of resistant cases, determine which patients will benefit from which treatment, and ultimately improve the lives of persons living with depressive symptoms.",RDF30,"Medical, health and life sciences",RDF303,Health Sciences,RDF30399,Other health sciences,null,null,Unity Health Toronto,Research Hospital,Toronto,2025-03-20 00:00:00 UTC,2024-25,140000,190000,Dr.,Venkat,null,Bhat,Operating,English,"Interventional Psychiatry, procedural treatments, ketamine, nitrous oxide, rTMS, depression",7109866,0.019690948
Early Researcher Awards,Early Researcher Awards - Round 018,ER24-18-180,Indigenous and racialized women's wellbeing matters: Addressing sedentarism and commitment to physical activity,"The proposed research aims to improve the health equity of Indigenous and racialized women by engaging in innovative research about physical activity. This project targets physical inactivity, a risk factor contributing to chronic diseases, with the goal of reducing health and economic burdens in Ontario. To identify best practices for Ontario, Indigenous and racialized women’s sedentarism and commitment to physical activity will be studied through training in martial arts. HOW RESEARCH ADDRESSES ISSUES: This project will employ a trauma-informed physical activity approach in martial arts using an Indigenous research framework to increase physical activity participation rates among participants. This project aims to mitigate the burden of chronic diseases, reduce hospital overcrowding, and improve overall health outcomes by addressing sedentarism. BENEFITS TO ONTARIO: The project will bring great economic and social benefits to Ontario. Chronic diseases are driven mainly by physical inactivity, which costs Ontario $2.6 billion annually in direct and indirect healthcare costs. Relatedly, the economic burden of sedentarism leads to a loss of productivity, placing a financial burden on families and communities. These alarming trends will be addressed in this proposal through a culturally informed and community-based approach, which promotes physical activity while respecting traditional knowledge and values. 

My proposed research will develop guidance for meta-analyzing rare events. Meta-analysis, used by organizations like Health Quality Ontario, integrates multiple study findings for thorough intervention assessments. However, common meta-analytic methods are unsuitable for rare events and can lead to biased estimates and poor decision-making, potentially compromising patient safety. Previous research has highlighted major uncertainties in methods for rare events, impacting conclusions’ reliability and validity. 

My research will review and test these methods, identify gaps, and provide consensus-driven recommendations for optimal meta-analytic approaches. Enhanced evidence assessment leads to more effective clinical trials, aligning with Clinical Trials Ontario's goals. This research will help Ontario Health make informed decision-making for improved health outcomes of Ontarians and beyond.",RDF30,"Medical, health and life sciences",RDF3030212,Health promotion and disease prevention,RDF3030201,Indigenous health,RDF5040112,"Sociology and social studies of health, health systems and health care",University of Toronto,Research Hospital,Toronto,2025-03-20 00:00:00 UTC,2024-25,140000,190000,Dr.,Tricia,Dawn,McGuire-Adams,Operating,English,"women, health, sociocultural, sedentarism, mental health, physical activity, martial arts, Indigenous research",7109866,0.019690948
Early Researcher Awards,Early Researcher Awards - Round 018,ER24-18-140,Optimized heat adaptation infrastructure for liveable and equitable Ontario cities,"Extreme heat is among the deadliest of natural hazards and is projected to more than triple in frequency over the coming decades in many Ontario cities, where 80% of Ontarians live. Variations in urban design lead heat exposure to differ considerably between neighbourhoods; however, its variation is often inadequately assessed. We will apply high resolution urban datasets and our recent developments within a state-of-the-art regional climate model to capture variation of heat exposure within and between neighbourhoods in Toronto and London, Ontario, based on physiologically-relevant combinations of air temperature, humidity, wind, and radiation exposures. This analysis has not been performed elsewhere and will revolutionize heat vulnerability mapping. A novel suite of our lab’s climate model developments will subsequently be applied to determine optimal combinations of heat adaptation infrastructure, such as green roofs, street trees and cool materials, that reduce heat exposure in each neighborhood. We will also quantify the environmental equity implications of targeting heat vulnerable neighbourhoods in both cities with this optimized infrastructure. The proposed work will provide world-class HQP training, key insights applicable to other Ontario cities, and put heat adaptation in Ontario on the international map by applying the most advanced modelling tools available.",RDF10,Natural Sciences,RDF105,Earth and related environmental sciences,RDF10501,Atmospheric Sciences,RDF1050112,Climate modelling,University of Guelph,University,Guelph,2025-03-20 00:00:00 UTC,2024-25,140000,190000,Dr.,Eric,Scott,Krayenhoff,Operating,English,Extreme Heat; Urban Heat Islands; Urban Design for Heat Adaptation; Climate Change Impacts; Thermal Comfort; Environmental Equity; Regional Climate Modelling; Passive Cooling; Green Infrastructure; Heat Vulnerability,182615,0.766640199
Early Researcher Awards,Early Researcher Awards - Round 018,ER24-18-144,Weaving Indigenous Knowledge and Western Science for More Effective and Collaborative Moose Monitoring and Research in Ontario,"Indigenous-led research programs created in partnership among Indigenous and non-Indigenous environmental professionals offer a promising context to bring together Indigenous Knowledge and Western science to solve complex environmental issues. While there are several theoretical frameworks that outline how to work well across cultures, very few resources detail how to do so in practice, leading to a general uncertainty of how to move forward in meaningful ways. Finding ways to work well across cultures is particularly important in Ontario for species in decline within the province that are valuable to all residents. The Ontario Ministry of Indigenous Affairs Priority Outcomes (2023-2024) describe the need to “Enhance awareness and best practices for consulting or engaging with Indigenous people, including the development and sharing of tools and guidance to support consistent and coordinated approaches across government.” Moose (Alces alces), a species that has been in decline over several decades within the province, provide an opportunity to establish a time-sensitive, culturally relevant case study to create monitoring and research programs founded in Indigenous and Western scientific knowledge systems. By working together in good ways, moose, the land, and the residents of Ontario who rely upon the environment, all benefit substantially.",RDF10,Natural Sciences,RDF105,Earth and related environmental sciences,RDF10510,Natural environment sciences,RDF1051001,Indigenous peoples environmental knowledge,University of Guelph,University,Guelph,2025-03-20 00:00:00 UTC,2024-25,140000,190000,Dr.,Jesse,Nicole,Popp,Operating,English,"Indigenous environmental science, Indigenous Knowledge, Weaving Knowledge Systems, Wildlife management, Natural resources, Ethical Space, Wildlife monitoring, Indigenous Guardians, Moose (Alces alces), Socioecological research",182615,0.766640199
Early Researcher Awards,Early Researcher Awards - Round 018,ER24-18-162,Bridging the Gap: Enhancing Traffic Safety through innovative data methodologies,"Several Canadian cities have adopted Vision-Zero Road Safety Plans aimed at eliminating traffic fatalities by designing safer road systems. These plans, which include the implementation of traffic calming measures, recognize human error and view traffic deaths as preventable. However, comprehensive evaluations of these strategies are lacking, and disparities exist in their distribution across socioeconomic areas. Previous research into traffic calming measures across various municipalities have uncovered a lack of precise data on the implementation dates and location. Moreover, these interventions can change traffic volume and road user types, necessitating granular data on traffic volume for robust evaluations. This project will address these gaps using innovative data collection methods, including machine learning for object detection and navigation data for traffic volume. The proposed approach, combining rigorous methodologies and interdisciplinary partnerships, aims to enhance scientific knowledge, influence public policy, and promote safer environments amid shifting transportation modes in Ontario and Canada.",RDF30,"Medical, health and life sciences",RDF303,Health Sciences,RDF30302,Public and population health,RDF3030210,Environmental and occupational health and safety,University of Toronto,University,Toronto,2025-03-20 00:00:00 UTC,2024-25,140000,190000,Dr.,BRICE,null,BATOMEN KUIMI,Operating,English,"Road traffic collisions, Injury, Active Transportation, Social Determinants, Built Environment, Causal Inference, Image Recognition",7109866,0.019690948
Early Researcher Awards,Early Researcher Awards - Round 018,ER24-18-165,Enhancing vaccine access into lymph nodes using dynamic DNA materials,"In Ontario, cancer and infectious diseases significantly impact public health, with over 30,000 cancer-related deaths annually (28% of all deaths) and infectious diseases affecting hundreds of thousands. Improved vaccine and immunotherapy delivery could revolutionize treatment for these conditions, potentially saving thousands of lives and reducing healthcare costs by billions.

Our research aims to enhance drug delivery to lymph nodes, the immune system's 'command centers' where immune responses are coordinated. Current vaccines and immunotherapies often fail to reach lymph nodes efficiently, resulting in suboptimal protection against diseases.

We're developing an innovative multi-stage delivery system using DNA-based nanomaterials. This system overcomes a fundamental challenge in drug delivery: smaller materials move quickly into lymph nodes but aren't retained well, while larger materials are retained better but can't access critical areas.

Our technology dynamically changes size, utilizing DNA’s natural biodegradability to facilitate both efficient lymph node entry and effective retention. This could significantly improve vaccine and immunotherapy effectiveness for a wide range of diseases, including cancer and infectious diseases.

By enhancing vaccine design, our research could lead to more effective treatments for Ontarians, potentially reducing disease burden, improving quality of life, and strengthening the province's healthcare system and biotech industry.",RDF20-21,Engineering and technology,RDF207,Medical and biomedical engineering,RDF20701,Medical and biomedical engineering,RDF2070101,Biomedical Materials,University of Toronto,University,Toronto,2025-03-20 00:00:00 UTC,2024-25,140000,190000,Dr.,Leo,null,Chou,Operating,English,"Nanotechnology, biomaterials, drug delivery, vaccines, lymph nodes, stimuli-responsive materials, supramolecular chemistry, DNA origami",7109866,0.019690948
Early Researcher Awards,Early Researcher Awards - Round 018,ER24-18-167,Prototype Low-Mass Dark Matter Detectors for the SNOLAB Facility,"Among modern physics’ greatest unsolved puzzles is dark matter (DM), hypothesized to constitute a quarter of the universe but to interact very feebly with the fundamental particles of visible matter. A global program of “direct detection” experiments is racing to spot DM particle interactions, using increasingly sensitive detectors in highly-shielded environments. The Super Cryogenic Dark Matter Search (SuperCDMS) is a world-leading direct detection experiment under construction in SNOLAB, Ontario’s Nobel Prize-winning underground astroparticle physics laboratory, using cryogenic semiconductor crystals with quantum sensors. The Cryogenic Underground TEst facility (CUTE) at SNOLAB is ideal for hosting the latest SuperCDMS prototypes, High-Voltage eV-sensitivity (“HVeV”) detectors. More sensitive detectors require more detailed understanding of the components’ behaviour and the environmental backgrounds. Currently, a major challenge in direct detection is understanding the source of unexpected low-energy events, inconsistent with hypothesized DM signatures, that show up in various detectors including HVeVs. This proposal will design, simulate, and fabricate improved HVeV prototypes using cutting-edge microfabrication techniques, and operate them at CUTE to characterize and minimize the low-energy excess events. Success will lay the groundwork for a breakthrough at one of SNOLAB’s flagship experiments, keeping Ontario at the forefront of astroparticle physics.",RDF10,Natural Sciences,RDF103,Physical Sciences,RDF10302,Subatomic physics,RDF1030203,Astroparticle physics,University of Toronto,University,Toronto,2025-03-20 00:00:00 UTC,2024-25,140000,190000,Prof.,Miriam,Deborah Joy,Diamond,Operating,English,"astroparticle physics, condensed matter physics, quantum sensors, instrumentation, solid-state devices, low-background measurements, semiconductor crystals, underground laboratories, microfabrication, detector simulation",7109866,0.019690948
Early Researcher Awards,Early Researcher Awards - Round 018,ER24-18-169,Training Neural Networks Efficiently with Scaling Laws and Simplicity Bias,"The Canadian government has recently announced $2.4 billion investment towards boosting the country's position in AI in the global scene. $2 billion of this funding is reserved for building and sustaining a powerful Canadian-made and controlled AI compute infrastructure, to be used to train state-of-the-art AI models. Training such models amounts to an immense amount of computation power, requiring millions of dollars worth energy, with a considerable carbon footprint. Therefore, it is of utmost importance to design training methods that take the compute budget into account.

Neural networks are at the core of modern AI and they typically have notoriously complex architectures. However, AI researchers oftentimes discover certain patterns that these models satisfy. The goal of this research program is to significantly reduce the computational cost of training an AI model by leveraging special patterns that they exhibit. My previous works discovered such patterns, and we propose to ultimately leverage these, in favor of model reusablity and principled architecture search, potentially saving immense amount of computation when training AI models. This project will contribute to Ontario’s efforts to build and sustain AI-based innovation, growth and productivity by reducing the cost of training neural networks.",RDF10,Natural Sciences,RDF102,Computer and information sciences,RDF10201,Artificial intelligence (AI),RDF1020104,Machine learning,University of Toronto,University,Toronto,2025-03-20 00:00:00 UTC,2024-25,140000,190000,Prof.,Murat,null,Erdogdu,Operating,English,"Machine Learning, Artificial Intelligence, Neural Networks, Computation, Large Language Models",7109866,0.019690948
Early Researcher Awards,Early Researcher Awards - Round 018,ER24-18-170,The Stellar Graveyard: a Multi-Messenger Symphony,"When the biggest stars in the Universe reach the end of their lives, they collapse into extremely dense, invisible black holes. When two black holes crash into each other, they create ripples in spacetime that can be heard with the LIGO-Virgo-KAGRA observatory (of which I am a leading member). While LIGO-Virgo-KAGRA's black holes collided with one another long ago in distant galaxies, the Gaia satellite, by precisely mapping the motions of nearby stars, is revealing a population of black holes in our own galaxy, detected by their gravitational pull on their stellar companions.

The flood of observations from LIGO-Virgo-KAGRA and Gaia gives us unprecedented insight into the stellar graveyard. Recent comparison of the black holes observed has yielded two mysteries: (a) a common excess of black holes at 10 and 30 solar masses; (b) a mass gap between 2 and 10 solar masses in Gaia, which is not shared by LIGO-Virgo-KAGRA's black holes.

Through a combination of data analysis and theoretical modeling, my team will tackle these mysteries, revealing their implications for stars, their explosive deaths, and cosmic chemistry. By establishing Ontario as a center for world-leading multi-messenger astrophysics research, I will attract and develop scientific talent while inspiring Ontarians.",RDF10,Natural Sciences,RDF103,Physical Sciences,RDF10301,Astronomical and space sciences,RDF1030106,General relativity and gravitational waves in astronomical and space sciences,University of Toronto,University,Toronto,2025-03-20 00:00:00 UTC,2024-25,140000,190000,Prof.,Maya,null,Fishbach,Operating,English,"Gravitational waves, black holes, neutron stars, stars, galaxies, cosmology, data analysis",7109866,0.019690948
Early Researcher Awards,Early Researcher Awards - Round 018,ER24-18-174,The role of the pharmaceutical industry in the care of people prescribed specialty medicines: Health system and policy impacts,"High-cost specialty medicines, including biologics, represent a huge scientific advancement for the treatment of many serious chronic diseases. Specialty medicines typically cost more than $10,000 per year, and often require complicated regimens and administration. Pharmaceutical companies provide free patient support programs for people prescribed their drug only, including help with treatment adherence and free infusion care, which likely contributes to access but also the high cost of their drugs. Ontario spent over $1 billion on biologics in 2018, a 3-fold increase since 2010. The Ontario Drug Benefit program has enacted policies to switch patients to off-brand ‘biosimilars’ that are cost-effective alternatives, however, patients lose access to their patient support program and rely on biosimilar manufacturers to provide equivalent supports. Biosimilar uptake in Ontario, and Canada remains much lower than other countries. Through analysis of documents and interviews with patients, clinicians, and policymakers, this 5-year in-depth qualitative research project aims to understand the health system and policy impacts of industry patient support programs and private infusion care in Ontario and what this means for equitable access to medicines. The overarching goal is to inform sustainable pharmaceutical policy for people in Ontario prescribed specialty and biologic medicines.",RDF50,Social sciences,RDF506,Political science and policy administration,RDF50602,Policy and policy administration,RDF5060213,Health policy,University of Toronto,University,Toronto,2025-03-20 00:00:00 UTC,2024-25,140000,190000,Prof.,Quinn,null,Grundy,Operating,English,"pharmaceutical policy, high cost medicines, infusion care, patient support programs, pharmaceutical industry, qualitative research, social science, health policy",7109866,0.019690948
Early Researcher Awards,Early Researcher Awards - Round 018,ER24-18-177,Nonviral Delivery of Gene Editors for Treating Genetic Lung Diseases,"The proposed research aims to address the severe genetic lung disease cystic fibrosis (CF), which is the most common fatal genetic disease in young Canadians with an incidence rate of ~1 in 3,600 in Ontario. CF causes thick mucus buildup in the lungs, leading to frequent infections and significant lung damage. Existing treatments are expensive, require lifelong administration, and are ineffective for patients with specific genetic mutations, particularly nonsense mutations. This project seeks to develop a long-term solution using prime editing, an advanced gene-editing technology, to correct these genetic mutations. The research involves delivering RNA-encoded prime editor components directly to the lungs through lipid nanoparticles (LNPs). The objectives are to optimize the prime editing system to correct the common CF mutation G542X, develop and screen effective LNP formulations for pulmonary delivery, and evaluate their efficacy and safety in CF mouse models. The successful implementation of this technology could vastly improve the quality of life for CF patients by offering a sustainable and effective treatment, thereby reducing long-term healthcare costs. Furthermore, this innovative approach could be extended to treat other genetic lung diseases, positioning Ontario as a pioneer in cutting-edge medical research and therapeutic development.",RDF30,"Medical, health and life sciences",RDF304,Medical biotechnology,RDF30401,Medical biotechnology,RDF3040101,Gene and molecular therapy Gene and molecular therapy,University of Toronto,University,Toronto,2025-03-20 00:00:00 UTC,2024-25,140000,190000,Prof.,Bowen,null,Li,Operating,English,"Nonviral gene delivery, mRNA delivery, lipid nanoparticle, nanomedicine, biomaterials, gene therapy, gene editing, prime editing, cystic fibrosis, drug delivery",7109866,0.019690948
Early Researcher Awards,Early Researcher Awards - Round 018,ER24-18-179,Single-Photon Imaging with Large Generative Models,"Optical imaging systems are deployed daily across Ontario: smartphone cameras capture thousands of images of everyday life, driver-assist cameras scan roadways, and satellites monitor our forests. However, existing imaging systems fail when pushed to the limits. For example, when operated at very high frame rates or in near-total darkness, conventional systems do not capture enough light to form a clear image. Within the last few years, two new imaging paradigms have emerged that promise to upend this limitation. First, ""single-photon"" sensors offer unprecedented light sensitivity at the individual photon level. Second, new neural networks called large generative models create photorealistic images—not by collecting photons—but through computational synthesis. These models learn from billions of images gathered from the internet and provide an unprecedented distillation of visual knowledge. The proposed research will leverage ultra-sensitive single-photon cameras and the visual knowledge of large generative models to create a new class of imaging systems that function robustly at high speeds and in ultra-low-light settings. The resulting imaging systems could have significant commercial impact in Ontario, for example, enabling new low-light imaging capabilities for hand-held photography, safer autonomous navigation systems, and improved remote sensing and monitoring of wilderness areas.",RDF10,Natural Sciences,RDF102,Computer and information sciences,RDF10201,Artificial intelligence (AI),RDF1020112,Computer vision in artificial intelligence,University of Toronto,University,Toronto,2025-03-20 00:00:00 UTC,2024-25,140000,190000,Prof.,David,Brian,Lindell,Operating,English,"active imaging, computational imaging, computer vision, diffusion models, generative modeling, lidar, low-light imaging, machine learning, single-photon avalanche diodes, single-photon cameras",7109866,0.019690948
Early Researcher Awards,Early Researcher Awards - Round 018,ER24-18-188,Gender and Political Recruitment,"Existing research indicates that women are less likely to run for political office than men despite being equally capable of winning elections. This underrepresentation of women in politics raises concerns about achieving gender parity at all levels of government in Canada (Sevi 2021). Gendered recruitment practices, such as disproportionately encouraging men to run for office, contribute significantly to this issue, as highlighted by the Standing Committee on the Status of Women in Canada (Vecchio 2019).

The proposed research aims to address this gender gap in political recruitment, particularly focusing on Canada and Ontario, through three waves of survey experiments targeting the general population, political activists, and Ontario politicians. By analyzing responses to different recruitment messages, this study seeks to identify effective methods for encouraging women to enter politics. Additionally, the research aims to establish a causal relationship between interventions and the gender gap in recruitment, ultimately providing valuable insights for policymakers and organizations interested in fostering a more diverse candidate pool. 

The research’s outcomes, including effective recruitment strategies, broader societal shifts towards gender equality, and enhanced research capacity, promise to drive positive change and progress, fostering a more diverse, inclusive, and competitive landscape in Ontario.",RDF50,Social Sciences,RDF506,Political science and policy administration,RDF50602,Policy and policy administration,null,null,University of Toronto,University,Toronto,2025-03-20 00:00:00 UTC,2024-25,140000,190000,Prof.,Semra,null,Sevi,Operating,English,"gender, political recruitment, parties, elections, representation, gender gap, experiments",7109866,0.019690948
Early Researcher Awards,Early Researcher Awards - Round 018,ER24-18-191,Statistical Foundations of Causal Machine Learning,"Ontario, a global leader in machine learning (ML) with institutions like the Vector Institute and a thriving ecosystem of leading and startup AI companies, faces challenges when applying ML systems in high-stakes sectors like healthcare, justice, and finance. These critical areas demand algorithms that are not only accurate but also stable, explainable, and fair. The recent controversy surrounding Google's Gemini project exemplifies the potential pitfalls of opaque AI.

My research proposal in causal machine learning paves a promising path to trustworthy AI. It enhances traditional correlation-based approaches with causal inference. By distinguishing causation from spurious correlation, our new framework integrates causal reasoning into ML models and enhances their performance in diverse environments.

This initiative transcends academic exploration, offering real-world benefits across Ontario. By ensuring more reliable and equitable AI deployments, it has the potential to create a significant positive societal impact. It will be particularly impactful in applications like refining risk assessment models in Ontario's justice system and improving electricity price plans in Ontario. Furthermore, the program fosters collaboration between various academic disciplines, solidifying Ontario's position at the forefront of the emerging field of causal machine learning.",RDF10,Natural Sciences,RDF101,Mathematics and Statistics,RDF10103,Statistics,RDF1010303,Statistical theory and modeling,University of Toronto,University,Toronto,2025-03-20 00:00:00 UTC,2024-25,140000,190000,Prof.,Linbo,null,Wang,Operating,English,"Algorithmic Fairness, Causal Inference, Comparative Effectiveness Research, Distributional Robustness, Explainable AI, Generalizability, High-Dimensional Data Analysis, Trustworthy Machine Learning",7109866,0.019690948
Early Researcher Awards,Early Researcher Awards - Round 018,ER24-18-194,"AI-Driven Sexual Abuse: Researching the Prevalence, Impact, and Solutions in Ontario","This research aims to delve into the growing and relatively unexplored issue of Image-Based Sexual Abuse in Ontario. The negative impact of IBSA is profound and far-reaching, inflicting severe emotional and psychological harm on victims, and causing long-term mental health consequences. This research represents a significant step forward in understanding the true extent of this issue, which has, until now, remained inadequately explored. 

The proposed study will identify the influential factors contributing to both IBSA perpetration and victimization, with a focus on higher-risk populations and their mental health outcomes. By exploring the impact of emerging AI technologies on the landscape of AI-facilitated IBSA, this research carries significant implications for policymakers, academics, and the public. The proposed study will advance knowledge creation by offering the first provincial estimate of IBSA prevalence in Canada, and push the boundaries of existing criminological theories, examining their relevance in the context of IBSA and the role of AI technology in this evolving field. 

The study project will foster multidisciplinary training, equipping students from various fields with practical research experience and promoting interdisciplinary collaboration. Findings will provide invaluable data for policymakers, enabling them to allocate resources effectively to prevent and address IBSA, ultimately enhancing public safety.",RDF50,Social Sciences,RDF509,Other Social Sciences,RDF50904,Social Work,null,null,University of Toronto,University,Toronto,2025-03-20 00:00:00 UTC,2024-25,140000,190000,Dr.,Jia,null,Xue,Operating,English,"Imaged-based sexual abuse, theory, Artificial Intelligence, revenge pornography, non-consensual sexting, sexual extortion, mental health outcomes, offending and offenders, victimization, Ontario",7109866,0.019690948
Early Researcher Awards,Early Researcher Awards - Round 018,ER24-18-201,Combining digital outcomes of mobility with mobile brain imaging to understand and predict future neurodegeneration,"Neurodegeneration represents a major health and economic crisis in Canada. This proposed research aims to advance our understanding of how the brain degenerates early on (up to 15 years prior to disease onset) by monitoring a person’s mobility (e.g. ranging from how stable they are on their feet to how they walk around in daily life). Mobility is fundamental to healthy aging and extremely sensitive to declining brain health. This research will identify features of declining mobility using a multi-faceted approach that will flag early neurodegeneration in people who enact their dreams (known as isolated REM sleep behaviour disorder), compared to healthy older adults and people who have early-stage Parkinson’s disease. This study will also examine the relationship between mobility impairments across these groups and the brain activity needed to control mobility, and its progression over time. This ground-breaking research will implement mobility assessments in a clinical setting whilst using state-of-the-art mobile brain imaging in addition to wearable sensors to examine free-living mobility in daily life. This project will inform clinical and digital outcomes for planning future neuroprotective trials to reduce the risk or rate of neurodegeneration. This will have significant impacts on health care and biotechnology developments in Ontario.",RDF30,"Medical, health and life sciences",RDF301,Basic medicine and life sciences,RDF30104,"Neurosciences, medical and physiological and health aspects",RDF3010414,Neurodegeneration,University of Waterloo,University,Waterloo,2025-03-20 00:00:00 UTC,2024-25,140000,190000,Dr.,Kaylena,A,Ehgoetz Martens,Operating,English,neurodegeneration; aging; Rapid eye movement (REM) sleep behaviour disorder (iRBD); Parkinson's disease (PD); brain imaging; wearable technology; balance; gait; mobility; freeliving,699402,0.200171003
Early Researcher Awards,Early Researcher Awards - Round 018,ER24-18-203,Revolutionizing Oncological Outcomes with Next-Generation Imaging Innovations,"This proposal introduces a revolutionary approach to enhance surgical oncology, tackling significant inefficiencies in traditional cancer tissue examination. Currently, conventional methods are slow—often taking weeks to produce results—and also risk incomplete identification of cancerous tissues. This can lead to multiple surgeries, escalating healthcare costs, and prolonged patient recovery. To address these challenges, the proposed research will advance Photon-Absorption Remote-Sensing (PARS), a revolutionary method developed and patented by the principal investigator. PARS utilizes lasers and artificial intelligence to instantly generate highly accurate images of tissues during surgery. This enables surgeons to comprehensively identify and remove all cancerous tissues in a single procedure, drastically reducing the need for additional surgeries. This method not only enhances surgical precision but also significantly cuts healthcare costs by minimizing repeat procedures. Furthermore, PARS allows for detailed molecular analysis of tissues, facilitating discovery of new biomarkers crucial for early disease detection and pharmaceutical development. Backed by over $7 million in funding, robust industry collaborations, and protected by numerous international patents, this research aims to make Ontario a global leader in medical research and innovation. The deployment of PARS is expected to improve patient outcomes dramatically and establish new healthcare standards, benefiting Ontario and the world.",RDF20-21,Engineering and technology,RDF207,Medical and biomedical engineering,RDF20701,Medical and biomedical engineering,RDF2070103,Biomedical instrumentation (including diagnostics),University of Waterloo,University,Waterloo,2025-03-20 00:00:00 UTC,2024-25,140000,190000,Prof.,Parsin,null,Haji Reza,Operating,English,"Cancer, Optics, Laser, AI, Histology, Imaging",699402,0.200171003
Early Researcher Awards,Early Researcher Awards - Round 018,ER24-18-206,Developing novel biocatalysts for a sustainable environment: Reducing CO2 emission and managing plastic wastes,"Climate change and plastic accumulation in landfills are two pressing environmental issues with far-reaching impacts. Climate change, driven by rising greenhouse gas emissions, leads to ecosystem disruptions, negatively affecting agriculture, infrastructure, and human health and concurrent plastic waste accumulation exacerbates pollution, affecting wildlife, food sources, and human health. Together, these issues create a cycle of environmental degradation, threatening biodiversity and undermining sustainable development efforts. The proposed research aims to develop eco-friendly biocatalysts for reducing CO2 emissions and managing plastic waste. Researchers will virtually screen different mutations on the catalyst proteins that may enhance their stability and functions under real-life conditions to save cost and time, and then test promising catalysts in lab through biochemical experiments.  

Implementing enzyme-based CO2 capture can help Ontario industries meet stringent emissions targets, reducing the province's carbon footprint and contributing to global climate change mitigation efforts. Additionally, enzymatic degradation of plastic can reduce the accumulation of plastic waste in landfills, promoting a circular economy by converting waste into valuable resources. These technologies will complement the Ontario Ministry of Agriculture, Food, and Rural Affairs’s bio-based initiatives, enhancing Ontario’s environmental stewardship and driving sustainable economic growth, creating new jobs, and training next-generation scientists in cutting-edge technologies.",RDF10,Natural Sciences,RDF102,Computer and Information Sciences,RDF10208,Bioinformatics,RDF1020802,Computational Biomodelling,University of Waterloo,University,Waterloo,2025-03-20 00:00:00 UTC,2024-25,140000,190000,Dr.,Subha,null,Kalyaanamoorthy,Operating,English,"Enzyme, Biocatalyst, CO2 capture, Plastic biodegradation, environment sustainability, protein engineering, molecular modeling and dynamics, stability and activity, language models",699402,0.200171003
Early Researcher Awards,Early Researcher Awards - Round 018,ER24-18-207,Broadening Connections between Robustness and Privacy,"Both privacy and robustness are critical considerations in modern data analysis and essential components of any trustworthy machine learning system handling real people’s data. Improving our understanding of these considerations is particularly time-sensitive given that new legislation (e.g., Bill C-27) mandating additional care in terms of privacy is being introduced. The proposed research seeks to broaden our understanding of connections between robustness and privacy in machine learning and statistics. The PI's recent work has demonstrated fundamental connections between these two properties. The proposed research will design improved algorithms that exploit such connections and broaden the scope in adjacent, more challenging and more realistic settings than previously considered. For example, improved algorithms would preserve privacy and ensure robustness in settings where individuals may each possess sizable sensitive datasets, or in settings where the goal may be to predict labels for datapoints, or draw new datapoints which resemble a sensitive dataset. The proposed research will result in new algorithms, methods, and techniques for these settings, enhancing our understanding of privacy-preserving statistical techniques. This will allow Ontario organizations across various industries (e.g., technology, finance, healthcare, etc.) to modernize and ensure compliance, resulting in better data protection for all Ontarians.",RDF10,Natural Sciences,RDF102,Computer and information sciences,RDF10202,Theoretical computer science and computational mathematics,null,null,University of Waterloo,University,Waterloo,2025-03-20 00:00:00 UTC,2024-25,140000,190000,Dr.,Gautam,null,Kamath,Operating,English,"differential privacy, robustness, algorithms, statistics, estimation",699402,0.200171003
Early Researcher Awards,Early Researcher Awards - Round 018,ER24-18-209,A novel device for treating otitis media,"Tympanostomy is the most common surgery performed on children and is the standard clinical treatment for chronic and recurring otitis media. Otitis media (infection and/or accumulation of liquid in the middle-ear space) is a common childhood disease and the second most prevalent cause of hearing loss and the leading cause of health care visits and antibiotic prescriptions. Between 2005 and 2018, Ontario had over eight million cases of acute otitis media alone. Tympanostomy involves inserting a ventilation tube after making a slit in the tympanic membrane.

Successful tympanostomy requires holding the patient’s head stationary, necessitating general anesthesia in children. Tympanostomy has other drawbacks such as long-term damage to the tympanic membrane and economic burden due to surgery and other medical and indirect costs. In this project, the PI will develop a paradigm-shifting microneedle-patch device for low-risk treatment of otitis media. An interdisciplinary approach will enable the development and preclinical validation of this device that will overcome drawbacks of tympanostomy.  In addition to its impact on health in Ontario, this device will bring new opportunities for the medical device sector in Ontario because it will open the huge international market of otitis media treatment valued at USD 7.65 billion in 2030.",RDF20-21,Engineering and technology,RDF207,Medical and biomedical engineering,RDF20701,Medical and biomedical engineering,RDF2070104,Medical devices,University of Waterloo,University,Waterloo,2025-03-20 00:00:00 UTC,2024-25,140000,190000,Dr.,Nima,null,Maftoon,Operating,English,"tympanic membrane, middle ear, hearing, vibration, ear infection, tympanostomy, myringotomy, otology, microneedle, ventilation tube",699402,0.200171003
Early Researcher Awards,Early Researcher Awards - Round 018,ER24-18-219,Advancing the next generation of artificial leaves for carbon dioxide reduction,"To address rising CO2 emissions and the need for clean energy, researchers have developed artificial leaves that mimic the ability of natural leaves to capture CO2 and convert it into usable energy (sugars for plants). Unlike natural leaves, however, artificial leaves transform CO2 into sustainable fuels and chemicals that people can use to power homes, workplaces, and industries. Although this groundbreaking technology is full of potential, at this early stage of development, barriers preventing the widescale industrial adoption of this technology include: 1) low conversion efficiency and high energy consumption required for CO2 recovery, and 2) real flue gas conversion has not been demonstrated in the lab. The proposed research will leverage Dr. Wu’s experience and collaborations to conduct in situ multimodal characterization to refine strain-engineered catalysts for flue gas conversion and integrated reactive carbon capture to improve conversion efficiency. This research will advance the technology of artificial leaves using mechanical energy and solid electrolytes in a novel flow reactor to improve the energy efficiency of CO2 conversion. This novel technology has the potential to mitigate climate change through the reduction of CO2 emissions, and provide Ontario with clean renewable energy and a large-scale energy storage strategy.",RDF20-21,Engineering and technology,RDF206,Materials Engineering and Resource Engineering,RDF20601,Materials engineering,RDF2060116,"Electrical, optical, catalytic, and magnetic properties of thin layers",University of Waterloo,University,Waterloo,2025-03-20 00:00:00 UTC,2024-25,140000,190000,Prof.,Yimin,null,Wu,Operating,English,"CO2 reduction, high entropy alloy, electrocatalysis, reactive carbon capture, flow reactor, machine learning, clean energy, catalyst, energy materials",699402,0.200171003
Early Researcher Awards,Early Researcher Awards - Round 018,ER24-18-220,Advanced Real-Time Visual Inspection for Lifeline Infrastructure,"Canada's lifeline infrastructure, including bridges, pipelines, and towers, constructed during the mid-20th century, is now approaching or has already reached the end of its design life. This research addresses these aging infrastructure challenges by developing an innovative vision-based inspection system using robotics and artificial intelligence (AI). Focusing on telecommunication towers as proof of concept, the project aims to create a scalable and practical solution to address the pressing need for improved infrastructure maintenance and safety. The proposed system employs a collaborative path planning algorithm for multiple drones to ensure efficient image capture, which is then used to generate detailed 3D models through Novel View Synthesis technology. This allows on-site inspectors to virtually explore structures and rapidly identify areas of concern. By incorporating AI-powered image recognition and anomaly detection, the system can automatically identify changes or irregularities in structures over time, streamlining the inspection process and enabling more effective management of Canada's infrastructure. For Ontario, which faces the highest infrastructure replacement costs among provinces, this innovation could yield significant benefits, including substantial cost savings, enhanced public safety, and more efficient management of critical infrastructure, potentially extending their lifespan.",RDF20-21,Engineering and technology,RDF201,"Civil engineering, maritime engineering, transport engineering, and mining engineering",RDF20101,Civil engineering,RDF2010199,"Civil engineering, n.e.c.",University of Waterloo,University,Waterloo,2025-03-20 00:00:00 UTC,2024-25,140000,190000,Prof.,Chul Min,null,Yeum,Operating,English,"Structure Inspection, Smart Structure, Computer Vision, Robotic Inspection, Anomaly Detection, Human-machine Interaction, Real-time Processing",699402,0.200171003
Early Researcher Awards,Early Researcher Awards - Round 018,ER24-18-221,Heritage beyond the White City: Reclaiming Heritage as Community Stewardship,"Heritage preservation continues to disproportionately negatively impact racialized and working-class neighbourhoods because traditional heritage practices focus on architectural integrity, aesthetic unity and social order (the virtues of Daniel Burnham’s White City) and ignore community expertise and citizen participation (whose heritage). This results in heritage practices perpetuating socioeconomic divides, reinforcing the exclusion and displacement of the communities they are meant to serve. To better serve all communities, heritage practices must address those historically underserved. Starting from Toronto’s Chinatown West (pilot site), the research will develop new digital tools and platforms to expand heritage practices to include and mobilize existing legacy and strategies of community organizing, community ownership, and community stewardship. Specifically, we will build a collaborative and community-controlled digital platform to facilitate citizen participation and empower residents to actively steward their heritage. In collaboration with the Toronto Chinatown Land Trust (TCLT), the initiative will leverage local knowledge and develop new tools and methodologies to expand heritage practices for social justice. 

The research will benefit Ontario by demonstrating how inclusive, community-driven approaches can lead to sustainable heritage preservation and community asset management. This project will serve as a model for other underserved neighbourhoods, promoting equitable and resilient urban futures across the province.",RDF60,Humanities and the arts,RDF604,"Arts (arts, history of arts, performing arts, music), architecture and design",RDF60402,Architecture,null,null,University of Waterloo,University,Waterloo,2025-03-20 00:00:00 UTC,2024-25,140000,190000,Prof.,Linda,null,Zhang,Operating,English,"architectural heritage, community heritage, community memory, community land trust, community ownership, co-design, participatory action research, digital art, imagination, techno-orientalism",699402,0.200171003
Early Researcher Awards,Early Researcher Awards - Round 018,ER24-18-222,Coding with AI: Enhancing Software Development through Visual Interfaces,"The advent of generative artificial intelligence (GenAI) and large language models (LLMs) has initiated a paradigm shift in how people write, reuse, and debug code in software development and related industries. Despite many benefits due to automated code generation, there exist numerous challenges that we must address when integrating LLMs into current software development workflows, such as misalignment between developers’ intents and generated code, insufficient support for managing conversations with AI, obstacles in collaborative programming tasks, and difficulty in understanding and integrating code created by AI. These challenges all boil down to the significant gap between humans and AI, which is yet to be addressed with robust visual interfaces. This research aims to innovate more holistic, smooth, and versatile LLM-powered programming environments by leveraging novel human-in-the-loop interactive visualization techniques. It will approach the goal by augmenting four key aspects in developers’ workflows—preparation, execution, cooperation, and dissemination—with the power of interactive visualization that offers effective sense-making and direct manipulation of abstract concepts, models, and data. The outcomes of this research will impact Ontario’s billion-dollar software and computer service industries with cutting-edge scientific achievement and the recruitment, retention, and training of talents.",RDF10,Natural Sciences,RDF102,Computer and information sciences,RDF10205,Human-centered computing,RDF1020501,Human computer interaction,University of Waterloo,University,Waterloo,2025-03-20 00:00:00 UTC,2024-25,140000,190000,Dr.,Jian,null,Zhao,Operating,English,"information visualization, human-computer interaction, human-AI interaction, programming support, large language models, sense-making, externalization, direct manipulation, collaboration, computational narrative",699402,0.200171003
Early Researcher Awards,Early Researcher Awards - Round 018,ER24-18-229,"The Road Less Traveled: Exploring the Intersection of Driving, Cannabis, and the Experiences of Racialized Youth in Ontario","For the last 30 years, motor vehicle collisions, most of which involve alcohol and/or drugs, have been the leading cause of death for Canadians between the ages of 15 to 24. More youth than ever before are driving under the influence of cannabis (DUIC), more so than alcohol. Decades of educational and prevention strategies have contributed to reductions in alcohol-impaired driving, yet DUIC is on the rise. This risk is further compounded for racialized Canadian youth, who have historically experienced unequal police surveillance and drug enforcement and whose voices have been dramatically underrepresented in cannabis related research. Therefore, DUIC interventions risk overlooking the experiences of racialized youth and further perpetuating stigmatizing and colonizing views of risk and behavior change. With the guidance of our youth collaborative board, this research will expand my current CIHR funded study (2023-2026) investigating youth’s (ages 14 to 24) DUIC risk profiles, by focusing on the individual and social DUIC determinants of racialized Ontario youth. My findings will inform future collaborative youth-led DUIC interventions that foreground the voices of racialized youth. Understanding what influences youth DUIC will enable us to stop it. The voices of racialized youth are needed, and their silencing through underrepresentation must end.",RDF30,"Medical, health and life sciences",RDF303,Health Sciences,RDF30302,Public and Population Health,RDF3030203,"Environmental, developmental, and social factors of youth health",Western University,University,London,2025-03-20 00:00:00 UTC,2024-25,140000,190000,Dr.,Liliana,null,Alvarez,Operating,English,"Racialized youth, youth health, driving, cannabis, driving under the influence, social identities, social determinants of health",626875,0.22333001
Early Researcher Awards,Early Researcher Awards - Round 018,ER24-18-236,Pathway-specific kinase substrates in plant immunity & development,"Plants must sense and respond to their environment to survive. Receptor kinases (RKs) are the primary sensors at the plant cell surface, where they perceive extracellular stimuli and activate intracellular signal transduction pathways to trigger appropriate cellular/physiological responses, thereby controlling essentially all aspects of plant life. Many RKs and their ligands have been identified that regulate growth, development, reproduction, immunity, and abiotic stress responses; however, the intracellular signalling mechanisms downstream of most RKs remain unknown, representing a critical knowledge gap and hindering the development of improved traits in crops. The DeFalco lab is using a multidisciplinary approach to study how RKs trigger specific responses to extracellular stimuli. We are particularly focused on the cytosolic protein kinases that associate with RK complexes to activate pathway-specific signalling via phosphorylation and regulation of substrate proteins. This proposal aims to characterize signalling networks that mediate pathway-specific responses downstream of RKs, as well as apply this knowledge to engineering novel signaling circuits in plants. By elucidating the molecular mechanisms of RK/RLCK signaling pathways, particularly in the context of immunity and development, we seek to identify novel components and engineer improved stress tolerance and disease resistance in crops, addressing critical issues in agriculture and food security.",RDF10,Natural Sciences,RDF106,Biological Sciences,RDF10609,Plant biology,RDF1060902,Plant cell and molecular biology,Western University,University,London,2025-03-20 00:00:00 UTC,2024-25,140000,190000,Prof.,Thomas,A.,DeFalco,Operating,English,receptor kinases; phosphorylation; kinase substrates; signal tranduction; plant immunity; plant development; peptide signalling; receptor-like cytoplasmic kinases,626875,0.22333001
Early Researcher Awards,Early Researcher Awards - Round 018,ER24-18-246,GENIUS: A GENerative artificial Intelligence framework to Uncover the neural mechanismS of image memorability,"In today's visually rich world, some images stand out and stick in our minds, a phenomenon called image memorability. My research seeks to understand why certain images are more memorable, identify the brain signals that predict this, and develop AI systems that can enhance image memorability and human memory performance by altering photographs.

By combining advanced AI with cognitive neuroscience, we aim to reveal the brain processes behind image memorability and how these processes can be influenced. This research has practical applications in education, media, and healthcare. Understanding how the brain remembers images can help create better learning tools for students, develop strategies to support people with memory issues like dementia, and improve overall mental health outcomes.

Ontario faces an alarming rise in dementia cases, with a projected 202% increase from 2020 to 2050. By mid-century, Ontario will have the highest number of new cases in Canada, totalling ~2.9 million. This surge highlights the urgent need for advanced research into human memory and innovative solutions to tackle this public health crisis. This research can lead to improved support for individuals with memory impairments, and significant advancements in mental health care, thereby enhancing the quality of life for countless Ontarians. 
?",RDF30,"Medical, health and life sciences",RDF301,Basic medicine and life sciences,RDF30104,"Neurosciences, medical and physiological and health aspects",RDF3010406,"Sensory systems, visual",Western University,University,London,2025-03-20 00:00:00 UTC,2024-25,140000,190000,Dr.,Yalda,null,Mohsenzadeh,Operating,English,"Computational Neuroscience, Artificial Intelligence (AI), Deep Neural Networks, Generative AI, functional Magnetic Resonance Imaging (fMRI), Perception, Vision, Visual Memory",626875,0.22333001
Early Researcher Awards,Early Researcher Awards - Round 018,ER24-18-247,Virtual navigation tasks and memory consolidation during human intracranial clinical recordings,"Imagine your brain as a network of cities, each responsible for storing different aspects of a memory. During sleep, these cities exchange resources to hold on to the most important memories from the day. In recent work, I found that these ""cities"" do not activate and deactivate at the same time to complete this task; rather, they turn on and off in a complex wave of communication (Muller et al., eLife, 2016). We will collaborate with a team of neurologists and neurosurgeons at London Health Sciences Centre (LHSC) to understand how this wave helps to store memories in coordinated assemblies across the human brain. In collaboration with LHSC, we have developed a new memory task that can be administered during intracranial recordings in the neurosurgery clinic. Using new computational algorithms I have developed, we will map traveling waves in the brain as subjects sleep, after learning a virtual reality (VR) navigation environment. Results from this work will solidify a collaboration between LHSC and Western University as an internationally recognized centre for computational neuroscience and memory research. Both the applications of this research and the HQP trained in this work will directly benefit Ontario's knowledge economy and growing neurotechnology sector.",RDF10,Natural Sciences,RDF106,Biological Sciences,RDF10611,"Neurosciences, biological and chemical aspects",null,null,Western University,University,London,2025-03-20 00:00:00 UTC,2024-25,140000,190000,Prof.,Lyle,Edward,Muller,Operating,English,"Computational neuroscience, sleep, human memory, memory consolidation, algorithms for neural data, data science",626875,0.22333001
Early Researcher Awards,Early Researcher Awards - Round 018,ER24-18-260,Quantum Photonics in Neuroimaging: Sensing Brain-Generated Light towards Early Detection of Brain Disease,"Mental health disorders affect about one in five Ontarians with rates of new diagnoses rising rapidly each year, necessitating urgent advancements in brain imaging for earlier detection. Dr. Murugan’s research program leverages new findings that suggest brain cells may communicate using light that arises from metabolic reactions, which travel faster than the well-known electrochemical signals, through tissues without direct connections. This research aims to 1) understand how neurons guide light, similar to fiber optic cables, and 2) to use quantum sensors to detect ultra-early, functional changes in brain states using these natural light emissions. Armed with this new knowledge, the long-term goal of this work is to leverage advances in quantum optics to not only understand the fundamentals of neural communication but also develop commercializable quantum sensing technologies that will ultimately improve long-term brain health, and position Ontario as a leader advancing health technology and in quantum innovation.",RDF20-21,Engineering and technology,RDF207,Medical and biomedical engineering,RDF20701,Medical and biomedical engineering,RDF2070103,Biomedical instrumentation (including diagnostics),Wilfrid Laurier University,University,Waterloo,2025-03-20 00:00:00 UTC,2024-25,140000,190000,Dr.,Nirosha,Janani,Murugan,Operating,English,"Quantum sensing, brain imaging, optical communication, ultra-weak photon emission, biophysics, non-invasive, neural waveguides, neurophysiology, non-chemical signaling, photonics",699402,0.200171003
Early Researcher Awards,Early Researcher Awards - Round 018,ER24-18-263,Understanding disparities and improving outcomes for patients with lobular breast cancer.,"The proposed research aims to better understand why patients with lobular breast cancer have worse survival than patients with ductal breast cancer. Using administrative health care data at ICES Ontario, we will study the impact of social determinants of health, provider and treatment center characteristics, and treatment and practice patterns on survival. The knowledge generated from these population-level data may inform health policy and interventions directed at improving access to breast cancer screening and awareness and education efforts amongst providers treating lobular breast cancer. We will, in parallel, perform a multicenter, pan-Canadian observational cohort study of patients with lobular breast cancer, systematically collecting sociodemographic, tumour, treatment, and outcomes (i.e. survival, recurrence) data. This study will allow us to determine the best treatment strategies (e.g. diagnostic, surgery, systemic) for lobular breast cancer. The knowledge generated from these studies may spur the development of best-practice clinical guidelines for lobular breast cancer. This research program benefits Ontario by improving the health outcomes of patients with lobular breast cancer, by training highly qualified personnel such as research coordinators, graduate students, and post-doctoral research fellows, and positions the PI as an international leader in lobular breast cancer.",RDF30,"Medical, health and life sciences",RDF302,Clinical medicine,RDF30202,Clinical sciences,RDF3020226,Clinical oncology,Women's College Hospital,Research Hospital,Toronto,2025-03-20 00:00:00 UTC,2024-25,140000,190000,Dr.,David,Wai,Lim,Operating,English,"breast cancer, lobular, population health, social determinants of health, survival, treatment, observational cohort study, genomic profiling",7109866,0.019690948
Early Researcher Awards,Early Researcher Awards - Round 018,ER24-18-272,"Bridging the Gap: Integrating Non-Human Primate Models, AI, and Human Phenotypes to Understand Sensory Processing in Autism","This research aims to uncover the brain mechanisms behind atypical sensory processing in autism spectrum disorder (ASD), addressing how individuals with autism experience the world differently, particularly in visual information processing. Our innovative approach uniquely combines computer models of the brain with precise neural manipulations of monkey brains to simulate and better understand the neural underpinnings of autism-like behaviors, introducing controlled ""noise"" into specific brain regions to test its effects on sensory processing. This work aligns with Ontario's commitment to supporting individuals with autism, as evidenced by the recent $120 million allocation to the Ontario Autism Program. Moreover, our project has significant potential to benefit community organizations serving individuals with ASD, for which the Ontario government has allocated $310 million over three years to address increasing operational costs. Our research will provide these organizations with optimized experimental designs, improved diagnostic tools, and novel intervention strategies, helping them deliver more effective and efficient services. This, in turn, maximizes the impact of the government's investment in community support. By advancing our understanding of autism, we aim to improve the quality of life for Ontarians with autism and their families, while positioning Ontario as a leader in translational autism research.",RDF10,Natural Sciences,RDF106,Biological Sciences,RDF10611,"Neurosciences, biological and chemical aspects",null,null,York University,University,Toronto,2025-03-20 00:00:00 UTC,2024-25,140000,190000,Dr.,Kohitij,null,Kar,Operating,English,"Autism, Neuroscience, Non-human Primates, Artificial Intelligence, Visual Processing, Translational Research, Chemogenetics, Electrophysiology",7109866,0.019690948
Early Researcher Awards,Early Researcher Awards - Round 018,ER24-18-274,Improving the effectiveness and mobilization of wildfire predictive services to enhance community safety,"The aim of this project is to better understand and support the establishment of modernized wildfire predictive services in Ontario. Predictive services (PS) are critical tools that bring together multi-disciplinary experts and specialists to provide essential fire behaviour modelling, fire weather forecasting, and other forms of prediction to support response, resource allocation, and the protection of life, communities, infrastructure, and the environment. While PS are already adopted in many regions highly impacted by wildfire (e.g., British Columbia, Canada; Victoria, Australia), they face many limitations when it comes to effectively supporting operations. Moreover, in Ontario, such a unit does not exist, and these functions are scattered through different silos in Ontario Aviation, Forest Fire, and Emergency Services (AFFES), the provincial agency responsible for managing wildfire. This project is co-designed, co-created, and supported by AFFES based on their need to enhance their implementation of predictive services. This research will explore best practices in overcoming challenges in PS through in-depth case studies of PS units around the world, interviews with key stakeholders in Ontario, and reviews of both academic and grey literature.",RDF40,Agricultural and veterinary sciences,RDF401,"Agriculture, forestry, and fisheries",RDF40104,Forestry sciences,RDF4010403,Forestry Fire Management,York University,University,Toronto,2025-03-20 00:00:00 UTC,2024-25,140000,190000,Dr.,Eric,Brian,Kennedy,Operating,English,Wildland fire; predictive services; forecasting; implementation science; preparedness; mitigation; response; emergency; disaster; government,7109866,0.019690948
Ontario Research Fund - Research Infrastructure,Small Infrastructure Fund - Round 060 - 2024 - March,40417,A Secure and Privacy-Preserving Edge Caching Framework in Next-Generation Mobile Networks,"The objective is to build a secure, privacy-preserving and trustful edge-caching framework, including privacy-preserving content placement, secure content delivery and trustful content usage schemes, for next-generation mobile networks to prevent severe damage of potential cyber attacks on network access and information service.",RDF20-21,Engineering and technology,RDF203,"Electrical engineering, computer engineering, and information engineering",RDF20302,Communications and networks technologies,RDF2030213,Cybersecurity and privacy technologies,Queen's University,University,Kingston,2025-03-25 00:00:00 UTC,2024-25,125000,323520,Dr.,Jianbing,null,Ni,Capital,English,"Wireless Communication, Mobile Edge Computing, Mobile Edge Caching,Network Security, Privacy Preservation, Trust Management.",192395,0.649705034
Ontario Research Fund - Research Infrastructure,Small Infrastructure Fund - Round 060 - 2024 - March,41508,Techniques and Tools for the Development and Evolution of Software Systems,The proposed research program will support the evolution of software applications by ensuring these applications are reliable and responsive to the growing user bases and changing requirements. The proposed infrastructure will provide the needed horsepower for Dr. Zou to deliver advanced software engineering research results.,RDF1020399,"Programming languages and software engineering, n.e.c.",RDF1020104,Machine Learning,RDF1020110,Data Mining,null,null,Queen's University,University,Kingston,2025-03-25 00:00:00 UTC,2024-25,200000,500000,Dr.,Ying,null,Zou,Capital,English,"Software Engineering; Software Evolution, Machine Learning, Deep Learning,Mining Software Repositories, Clone Management, Software Analytics,Empirical Studies",192395,1.039528054
Ontario Research Fund - Research Infrastructure,Small Infrastructure Fund - Round 060 - 2024 - March,44052,Impact of Radiation in Energy and Advanced Technologies,"The proposed basic materials science will be effectively mobilized to application in nuclear-power plant relevant materials, benefitting the operations and maintenance of existing nuclear reactors and providing innovations in next-generation small modular reactor design, elevating reliability and safety of nuclear power, while reducing costs.",RDF10,Natural Sciences,RDF103,Physical Sciences,RDF10305,Condensed matter physics,RDF1030506,Surface and structural properties of condensed matter,Queen's University,University,Kingston,2025-03-25 00:00:00 UTC,2024-25,800000,2248813,Dr.,Yanwen,null,Zhang,Capital,English,"Ion beam materials modification, ion beam analysis, ion-solid interaction, radiation effects in structural alloys, defect physics in semiconductors and ceramics",192395,4.158112217
Ontario Research Fund - Research Infrastructure,Small Infrastructure Fund - Round 060 - 2024 - March,40671,Catalytic Intensification Laboratory for Energy Innovations,"The proposed research aims to advance technologies for reducing carbon emissions, focusing on enhancing their performance, reliability and affordability. The requested infrastructure will be dedicated to creating innovative catalysts, refining reaction processes and evaluating these advancements against existing technologies.",RDF20-21,Engineering and technology,RDF205,Chemical engineering,RDF20501,Chemical engineering,RDF2050102,Catalytic process engineering,Western University,University,London,2025-03-25 00:00:00 UTC,2024-25,253056,632640,Dr.,Ying,null,Zheng,Capital,English,"Catalysis, Catalyst development, chemical reaction engineering, decarbonization",626875,0.403678564
Ontario Research Fund - Research Infrastructure,Small Infrastructure Fund - Round 060 - 2024 - March,42098,High-Performance and Safe Next-Generation All-Solid-State Na Batteries: Materials and Interfaces,"This project is aiming to apply advanced atomic layer deposition/molecular layer deposition techniques to improve the interface between battery anode and cathode for next-generation solid-state Na batteries with high energy density, safety and low cost.",RDF20-21,Engineering and technology,RDF211,Nano-technology,RDF21101,Nano-technology,RDF2110107,Nanomaterials,Western University,University,London,2025-03-25 00:00:00 UTC,2024-25,346296,865741,Dr.,Yang,null,Zhao,Capital,English,"Solid-state Batteries, Atomic Layer Deposition, Molecular Layer Deposition, Energy Storage, Interfaces.",626875,0.552416351
Ontario Research Fund - Research Excellence,Canadian Biotechnology Innovation and Commercialization (CBIC)-Round 1,OGI-247,Prostate Cancer Predict: Reducing the need for prostate biopsies by predicting the risks of high grade prostate cancer (HGPrCa) using biomarkers from semen,"Only 20% of men in Canada having prostate biopsies are found to have life threatening prostate cancer.
A novel non-invasive biomarker has been found which reduces the need for biopsies without missing a
significant number of men who have life threatening prostate cancer. This new biomarker reduces the
need for biopsies thus reducing the overall medical complications and health care costs, without
compromising the care for those men who have life threatening prostate cancer.",RDF30,"Medical, health and life sciences",RDF301,Basic medicine and life sciences,RDF30102,Cancer,RDF3010204,Cancer diagnosis,Sinai Health System,Research Hospital,Toronto,2025-03-27 00:00:00 UTC,2024-25,628800,3344829,Dr.,Keith,null,Jarvi,Operating,English,"Prostate cancer, Metabolomics, Seminal plasma, Prostate cancer diagnosis, miRNA",7109866,0.088440485
Ontario Research Fund - Research Infrastructure,Small Infrastructure Fund - Round 061 - 2024 - November,45097,Upcycling plastic waste using yeast fermentation,"Recycling plastic waste is not sustainable as most still ends up in the environment. In this project, we will use the requested flow cytometer and bench-top bioreactor to explore innovative ways to modify brewer’s yeast to convert plastics into biofuels, rather than recycling them into new plastics.",RDF10,Natural sciences,RDF106,Biological sciences,RDF10602,Cell biology,RDF1060202,Cell metabolism,Carleton University,University,Ottawa,2025-07-17 00:00:00 UTC,2024-25,100000,390618,Dr.,Eugene,null,Fletcher,Capital,English,"Fermentation, metabolic pathways, synthetic biology, plastic waste, bioethanol, sustainability, industry, genomics, biotechnology, microbiology",1291272,0.077443017
Ontario Research Fund - Research Infrastructure,Small Infrastructure Fund - Round 061 - 2024 - November,45093,Urgent Need for Infrastructure to Support a Synthetic Energetic Materials Laboratory,"This research aims to replace traditional, hazardous energetic materials with eco-friendly alternatives. We will develop photoresponsive energetic materials (PEMs) that use light to trigger reactions, advancing defense technologies and establishing Ontario as a leader in material innovation.",RDF10,Natural Sciences,RDF104,Chemical Sciences,RDF10406,Physical chemistry (including structural),RDF1040612,Chemical applications of crystallography,Carleton University,University,Ottawa,2025-07-17 00:00:00 UTC,2024-25,100000,256641,Dr.,Katherne,M.,Marczenko,Capital,English,"Energetic materials, photomechanical materials, crystalline materials, structure and function",1291272,0.077443017
Ontario Research Fund - Research Infrastructure,Small Infrastructure Fund - Round 061 - 2024 - November,45317,Student absenteeism and child mental health in the post-pandemic era,"This research will deepen our understanding of school attendance and its links with child mental health and well-being in the wake of Covid-19 in Ontario, and ask how well-being and education can be improved. Stakeholders' experiences will be also be examined to enhance wellness and build resilience among Ontario's children and youth.",RDF50,Social sciences,RDF501,Psychology and cognitive sciences,RDF50101,Educational psychology,,,Carleton University,University,Ottawa,2025-07-17 00:00:00 UTC,2024-25,34014,85035,Dr.,Maria,A.,Rogers,Capital,English,"Chronic absenteeism, child mental health, parents, children, pandemic recovery,education, community engagement, university-community research",1291272,0.026341468
Ontario Research Fund - Research Infrastructure,Small Infrastructure Fund - Round 061 - 2024 - November,45121,Sonic Arts Participation Lab,"The Sonic Arts Participation Lab is a mobile suite of equipment for inclusive and accessible audiovisual creation and presentation. It supports creative collaboration, documentation, and analysis of music, sound arts and film with equity seeking groups. Through storytelling, the Lab harnesses the potential of creative arts as an agent for social change.",RDF6040502,Sound Creation,RDF6040603,Musicology and ethnomusicology,RDF6040599,"Music, n.e.c.",RDF6040699,"Performing arts, n.e.c.",Carleton University,University,Ottawa,2025-07-17 00:00:00 UTC,2024-25,50581,126704,Dr.,Ellen,null,Waterman,Capital,English,"Community-engagement, research-creation, social change, Deaf and disability arts, accessibility, climate justice, sound and environment, music in Canada, performance, improvisation",1291272,0.039171453
Ontario Research Fund - Research Infrastructure,Small Infrastructure Fund - Round 061 - 2024 - November,45043,SENSORS FOR MULTI-SCALE LABORATORY EXPERIMENTS ON SOILS,"This research project aims to innovate continuous tailings dam monitoring by integrating state-of-the-art fiberoptic monitoring systems and “Performance-Based Design” methods, an emerging tailings management system framework. The objective is to reduce the incidence of tailings dam failures to zero.",RDF20-21,Engineering and technology,RDF201,"Civil engineering (maritime, transport, & mining engineering)",RDF20101,Civil engineering,RDF2010101,Geotechnical engineering,Carleton University,University,Ottawa,2025-07-17 00:00:00 UTC,2024-25,94837,325505,Dr.,Elena,null,Zabolotnii,Capital,English,"Performance-Based Design, fiberoptic sensors, high-resolution backscatter reflectometer, tailings management, tailings dam failure, slope performance, machine learning applications",1291272,0.073444634
Ontario Research Fund - Research Infrastructure,Small Infrastructure Fund - Round 061 - 2024 - November,45131,Infrastructure to Support Metabolism and Obesity Research,"Over half of the adults in Ontario are overweight or obese, which increases the risk of cardiovascular disease, fattyliver disease and type 2 diabetes. The research seeks to both prevent and treat obesity and related diseases by developing new ways to increase calorie burning.",RDF30,"Medical, health and life sciences",RDF301,Basic medicine and life sciences,RDF3019999,Other basic medicine and life sciences,,,McMaster University,University,Hamilton,2025-07-17 00:00:00 UTC,2024-25,796248,1990620,Dr.,Gregory,R.,Steinberg,Capital,English,"Obesity, Typ 2 Diabetes, Insulin Resistance, Metabolism, Biochemistry, Metaboic Dysfuntion Associated Steatohepatitis (NASH), Energy Expenditure, Brown Adipose Tissue, Skeletal Muscle, Endocrinology.",862679,0.922994532
Ontario Research Fund - Research Infrastructure,Small Infrastructure Fund - Round 061 - 2024 - November,45270,The Integrated AI-Driven Antibiotic Discovery Platform,The antibiotic resistance crisis is a global threat to public health. We must invent new methods that improve the efficiency of antibiotic discovery in the context of both time and cost. This research will leverage leading-edge AI to discover and design novel antibiotics to treat the world’s most burdensome pathogens.,RDF30,"Medical, health, and life sciences",RDF301,Basic medicine and life sciences,RDF30103,Medical microbiology,RDF3010305,Antimicrobial resistance,McMaster University,University,Hamilton,2025-07-17 00:00:00 UTC,2024-25,205048,629012,Dr.,Jonathan,null,Stokes,Capital,English,"Artificial intelligence, machine learning, drug discovery, drug design, microbiology, antibiotics, antibiotic resistance.",862679,0.237687483
Ontario Research Fund - Research Infrastructure,Small Infrastructure Fund - Round 061 - 2024 - November,44243,Global Health Equity,"Dr. Lisa Butler will establish a world-class lab called “The Global Health Equity Collaboratory”, dedicated to advancing transdisciplinary research in health equity and population health. Key project elements include fostering collaborative partnerships, developing innovative health interventions and promoting equitable health outcomes.",RDF30,"Medical, health and life sciences",RDF303,Health sciences,RDF30302,Public and population health,RDF3030217,Global health,Queen's University,University,Kingston,2025-07-17 00:00:00 UTC,2024-25,30000,77431,Dr.,Lisa,null,Butler,Capital,English,"Clinical decision tool, HIV prevention, HIV treatment, climate-adaptive, maternal-child health, mixed methods, co-design, animation, photography, storytelling",192395,0.155929208
Ontario Research Fund - Research Infrastructure,Small Infrastructure Fund - Round 061 - 2024 - November,45071,Advanced Fault Detection for Software-Controlled Aerospace and Automotive Systems,This project will develop new methods to detect and mitigate disastrous errors in safety-critical automotive and aerospace software.  We will develop cutting-edge techniques to learn mathematical models of running systems and use those models to automatically circumvent dangerous behaviour.,RDF10,Natural sciences,RDF102,Computer and information sciences,RDF10202,Theoretical computer science and computational mathematics,RDF1020299,"Other theoretical computer science and computational mathematics, n.e.c.",Queen's University,University,Kingston,2025-07-17 00:00:00 UTC,2024-25,90000,291294,Dr.,Sean,M.,Kauffman,Capital,English,"Model learning, automata mining, runtime verification, anomaly detection, monitoring",192395,0.467787624
Ontario Research Fund - Research Infrastructure,Small Infrastructure Fund - Round 061 - 2024 - November,45021,Uncovering the temporal dynamics of selective attention,"The proposed research will use computer tasks, neurophysiological tools, and computational approaches to track how, when, and why our attention shifts between different information over time as a means of quantifying its impact on processing in the laboratory and across our real and digital worlds.",RDF50,Social sciences,RDF501,Psychology and cognitive sciences,RDF50102,Cognitive sciences,RDF5010299,"Cognitive sciences, n.e.c.",Queen's University,University,Kingston,2025-07-17 00:00:00 UTC,2024-25,119200,298000,Dr.,Effie,J.,Pereira,Capital,English,"Attention, temporal dynamics, neurocognitive processing, behavioural outcomes, eye tracking, electrophysiology, functional magnetic resonance imaging.",192395,0.61955872
Ontario Research Fund - Research Infrastructure,Small Infrastructure Fund - Round 061 - 2024 - November,45258,Hardware for Advanced 7T imaging of the human brain,"This project aims to secure advanced equipment for a new 7T MRI scanner to support innovative research, enhancing the diagnosis and treatment of brain conditions. It will improve healthcare outcomes and emphasize Ontario as a leader in medical physics research.",RDF20-21,Engineering and technology,RDF207,Medical and biomedical engineering,RDF20701,Medical and biomedical engineering,RDF2070104,Medical devices,Sunnybrook Health Sciences Centre,Research Hospital,Toronto,2025-07-17 00:00:00 UTC,2024-25,400000,1016690,Dr.,Kamil,null,Uludag,Capital,English,"MRI, ultra-high magnetic field, neuroscience, patient comfort, clinical applications, deep brain stimulation, neurodegeneration, brain tumors.",7109866,0.056259851
Ontario Research Fund - Research Infrastructure,Small Infrastructure Fund - Round 061 - 2024 - November,45136,Western Accessible Instruments Lab,"The primary objective of the Western Accessible Instruments Lab (WAIL) is to serve as a leading research centre for the development and design of accessible musical instruments for people with disabilities. WAIL will be a barrier free space where people with disabilities can test and play instruments, and perform and record music with them.",RDF60,Humanities and the arts,RDF604,"Arts (arts, history of art, performing arts, music), architecture and design",RDF60405,Music,RDF6040599,"Music, n.e.c.",Western University,University,London,2025-07-17 00:00:00 UTC,2024-25,133447,333619,Dr.,Adam,Patrick,Bell,Capital,English,"Disability, accessibility, musical instruments.",626875,0.21287657
Ontario Research Fund - Research Infrastructure,Small Infrastructure Fund - Round 061 - 2024 - November,45211,Emerging RNA viruses' impact on brain function,"The long-term goal of our research program is to define neuroimmune mechanisms, biomarkers and therapeutic targets for virus-induced memory disorders, with a focus on emerging and re-emerging RNA viruses including neurotropic WNV and ZIKV viruses, and non-neurotropic SARS-COV-2 virus.",RDF30,Medical health and life sciences,RDF301,Basic medicine and life sciences,RDF30104,"Neurosciences, medical and physiological and health aspects",RDF3010416,Neuroinflammation,Western University,University,London,2025-07-17 00:00:00 UTC,2024-25,800000,2000000,Dr.,Robyn,S.,Klein,Capital,English,"Neurovirology, neuroimmunology, flavivirus, coronavirus, microglia, astrocyte, T cell, monocyte, cognition, cytokines.",626875,1.276171486
Ontario Research Fund - Research Infrastructure,Small Infrastructure Fund - Round 061 - 2024 - November,45116,Sustainable Resource Management lab - tracking nutrients in the city,"Urban agriculture, as a form of green infrastructure, requires careful management to have net positive effects on cities. This research will measure how nutrients cycle in urban agriculture to better understand how management affects water quality.",RDF10,Natural Science,RDF105,Earth and related environmental sciences,RDF10507,Hydrology,RDF1050706,Water quality,Western University,University,London,2025-07-17 00:00:00 UTC,2024-25,267274,770143,Dr.,Genevieve,null,Metson,Capital,English,"Eutrophication, urban sustainability, circular economy, climate change.",626875,0.426359322
Ontario Research Fund - Research Infrastructure,Small Infrastructure Fund - Round 061 - 2024 - November,45187,Advancing Innovations in Social Communication in Aging and Dementia Through Technology-Based Outcomes and Interventions,Communication changes in aging and dementia lead to social isolation and declines in quality of life. This infrastructure will: 1) Enhance care for families living with dementia through innovative telemedicine interventions and functional outcomes and 2) Advance understanding of communication and social impairments in aging and dementia.,RDF30,"Medical, health, and life sciences",RDF303,Health Sciences,RDF30305,Care,RDF3030511,Patient-centered care,Western University,University,London,2025-07-17 00:00:00 UTC,2024-25,176382,440955,Dr.,Angela,C.,Roberts,Capital,English,"Aging, dementia, neurodegenerative diseases, virtual health, randomized control
trials, wearable sensors, digital health, cognition, language, data analytics",626875,0.281367099
Ontario Research Fund - Research Infrastructure,Small Infrastructure Fund - Round 061 - 2024 - November,45150,A Pain Research Suite,"Because of the huge personal and societal costs of acute and chronic pain, more fundamental research is required to understand the neural mechanisms of pain, such that novel interventions can be developed and tested. The current proposal describes a set of tools for assessing pain processing in patients and healthy participants.",RDF30,"Medical, health and life sciences",RDF301,Basic medicine and life sciences,RDF30104,"Neurosciences, medical and physiological and health aspects",RDF3010408,"Sensory systems, pain",Western University,University,London,2025-07-17 00:00:00 UTC,2024-25,260549,651373,Dr.,David,null,Seminowicz,Capital,English,"Pain, sensory, cognition, brain, thermal, electrical, laser, eeg, phsyiological, mechanical",626875,0.415631505
Ontario Research Fund - Research Infrastructure,Small Infrastructure Fund - Round 061 - 2024 - November,45221,Advanced co-operative mobile robotic manipulation test facility,Humans alone cannot assemble and maintain structures on extra-terrestrial bodies such as the moon or Mars. The proposed research will develop robotic capabilities to offer a solution to this challenge by carrying out these tasks autonomously or without the need for constant human intervention.,RDF2040199,"Aerospace engineering, n.e.c. – Space robotics",RDF2040108,"Satellites, space vehicles and missiles design and testing",RDF1030113,Theoretical and computational astrophysics,,,Toronto Metropolitan University,University,Toronto,2025-07-17 00:00:00 UTC,2024-25,76000,195183,Dr.,Anton,null,De Ruiter,Capital,English,"Dynamics, guidance, navigation and control for aerospace system; space systems; astrodynamics; space robotics; space mission design.",7109866,0.010689372
Ontario Research Fund - Research Infrastructure,Small Infrastructure Fund - Round 061 - 2024 - November,45129,Innovative Waste-to-Bioenergy Technologies for Water Research for Resource Recovery (WR3) Laboratory,"Anaerobic digestion (AD) converts organic waste to biogas, generating heat or electricity. While AD is a sustainable solution for organic waste management, several challenges limit its wide-scale adoption necessitating pretreatment methods that enhance AD performance, accelerate breakdown and advance waste-bioenergy conversion.",RDF2080105,Waste water treatment (including water treatment processes),RDF2080107,Waste management (including agricultural waste),,,,,Toronto Metropolitan University,University,Toronto,2025-07-17 00:00:00 UTC,2024-25,76000,190427,Dr.,Elsayed,null,Elbeshbishy,Capital,English,"Renewable resources, bioenergy, bio-waste, marketable bio-by-products, advance waste-to-bioenergy conversion",7109866,0.010689372
Ontario Research Fund - Research Infrastructure,Small Infrastructure Fund - Round 061 - 2024 - November,44918,Quantitative Imaging,"Lung diseases pose a significant global health challenge, affecting countless individuals and straining healthcare systems. This research program’s innovative imaging solutions will help to both prevent and effectively manage lung diseases, ultimately enhancing lung health for Canadians and individuals worldwide.",RDF3020218,"Radiology, nuclear medicine and medical imaging",RDF3020103,Respiratory diseases,RDF1039902,Medical physics,,,Toronto Metropolitan University,University,Toronto,2025-07-17 00:00:00 UTC,2024-25,88000,368636,Dr.,Miranda,null,Kirby,Capital,English,"Imaging, image analysis, lung, chronic obstructive pulmonary disease, machine learning.",7109866,0.012377167
Ontario Research Fund - Research Infrastructure,Small Infrastructure Fund - Round 061 - 2024 - November,45230,Digitizing Black History,"To leverage a customizable digital archive management system for the storage, connection, and interactivity of multiple Black digital records to support the accessibility and cultural preservation of Black history, people and places.",RDF6050105,Critical studies of technology,RDF60101,Historical studies,RDF6040804,Heritage management,,,Toronto Metropolitan University,University,Toronto,2025-07-17 00:00:00 UTC,2024-25,76000,329500,Dr.,Cheryl,null,Thompson,Capital,English,"Digital research infrastructure, cultural preservation, Black history, community engagement, asset management, archives, information system, digital technology",7109866,0.010689372
Ontario Research Fund - Research Infrastructure,Small Infrastructure Fund - Round 061 - 2024 - November,45212,Environmental and Bio-polymer Materials Characterization Facility,"The research objective is to make, analyze and quantify biopolymers (or polymers produced by living organisms). The Hendel lab isolates biologically important polysaccharides from natural sources. The Vreugdenhil group uses biopolymers to produce materials that remove pollutants from water.",RDF10,Natural Sciences,RDF104,Chemical Sciences,RDF10404,Macromolecular and materials chemistry,RDF1040401,Characterization of Materials,Trent University,University,Peterborough,2025-07-17 00:00:00 UTC,2024-25,149049,372623,Dr.,Jenifer,L.,Hendel,Capital,English,"Analytical Chemistry, Biopolymer Characterisation, Materials Science, Glycoscience, Environmental Chemistry, Environmental Remediation, Polymer Chemistry.",140630,1.059866316
Ontario Research Fund - Research Infrastructure,Small Infrastructure Fund - Round 061 - 2024 - November,45191,The role of extracellular vesicle (EV)-mediated crosstalk between cancer cells and platelets and in tumor progression,We aim to understand how cancer cells communicate with the surrounding environment using tiny particles called extracellular vesicles (EV). We will examine EV from different cancer types to find those that promote tumor growth and progression. Our findings could be used to predict cancer recurrence and develop novel EV-targeted therapies.,RDF30,"Medical, health and life sciences",RDF301,Basic medicine and life sciences,RDF30102,Cancer,RDF3010201,Cancer progression and metastasis,Unity Health Toronto,Research Hospital,Toronto,2025-07-17 00:00:00 UTC,2024-25,800000,2000000,Dr.,Kelsie,null,Thu,Capital,English,"Tumor progression, metastasis, immune evasion, extracellular vesicle, therapeutic target, biomarker, platelets, crosstalk",7109866,0.112519701
Ontario Research Fund - Research Infrastructure,Small Infrastructure Fund - Round 061 - 2024 - November,45237,LIFT-AI: Leveraging AI for Transplant Longevity or Long-Term Survival,Improving long-term survival after liver transplantation requires accurate and early identification of risk factors and personalized patient care. This work will apply deep machine learning algorithms to patient samples and clinical variables in order to inform a precision approach to diagnostics and therapy for liver transplant patients.,RDF30,"Medical, health and life sciences",RDF302,Clinical medicine,RDF30202,Clinical sciences,RDF3020211,Hepatology,University Health Network,Research Hospital,Toronto,2025-07-17 00:00:00 UTC,2024-25,396237,990593,Dr.,Mamatha,null,Bhat,Capital,English,"Liver transplantation, graft fibrosis, hepatocellular carcinoma, liver regeneration, machine learning, artificial intelligence, precision medicine",7109866,0.055730586
Ontario Research Fund - Research Infrastructure,Small Infrastructure Fund - Round 061 - 2024 - November,45214,Understanding Mechanical Force Effects on Immune Cell Biology,"The goal of the proposal is to identify genes and pathways needed to sense altered mechanical environments (e.g., pressure, stiffness, etc.) and how this impacts immune function. It is the first step in developing new force-sensitive therapies to treat a wide range of diseases, make space travel safer, and possibly slow the aging process.",RDF30,"Medical, health and life sciences",RDF301,Basic medicine and life sciences,RDF30101,Immunology,RDF3010199,"Immunology, n.e.c. (Mechanoimmunology)",University Health Network,Research Hospital,Toronto,2025-07-17 00:00:00 UTC,2024-25,512241,1280604,Dr.,Daniel,null,Winer,Capital,English,"Immune cells, microgravity, mechanobiology, space medicine, bioprinting, stiffness, danger sensing, functional genomics.",7109866,0.072046506
Ontario Research Fund - Research Infrastructure,Small Infrastructure Fund - Round 061 - 2024 - November,45118,Structure-guided Development of Oligonucleotides for Biosensing and Therapeutic Applications,"Oligonucleotides are short sequences of nucleotides that have great potential across many scientific and medical fields. Our research team strives to pioneer novel methodologies for the design, synthesis, and modification of oligonucleotides, aiming to tackle global health challenges spanning from cancer to prevalent food allergies.",RDF10,Natural sciences,RDF104,Chemical sciences,RDF10405,Biomolecular and medicinal chemistry,RDF1040503,Characterization of biological macromolecules and biological systems,University of Guelph,University,Guelph,2025-07-17 00:00:00 UTC,2024-25,79738,211688,Dr.,Rui,null,Huang,Capital,English,"Characterization of nucleic acid-protein interaction, chemically modified nucleic acid solid-phase synthesis, nucleic acid therapeutics, aptamers, biosensing",182615,0.436645402
Ontario Research Fund - Research Infrastructure,Small Infrastructure Fund - Round 061 - 2024 - November,45099,The effects of autonomic nervous activity on cerebral blood flow regulation in health and disease,"The sympathetic nervous system prepares the body for “flight or fight” responses, while the parasympathetic system promotes “rest and digest” responses. Tymko and his team will examine how both types of nerve activity help regulate blood flow in the human brain.",RDF30,"Medical, health and life sciences",RDF301,Basic medicine and life sciences,RDF30106,Human Physiology,RDF3010699,"Human Physiology, n.e.c.",University of Guelph,University,Guelph,2025-07-17 00:00:00 UTC,2024-25,80532,218611,Dr.,Mike,null,Tymko,Capital,English,"Cerebrovascular Health, Cardiovascular Health, Endothelial Function, Sympathetic Nerve Activity, Parasympathetic Nerve Activity, Environmental Physiology, High Altitude, Brain Injury",182615,0.440993347
Ontario Research Fund - Research Infrastructure,Small Infrastructure Fund - Round 061 - 2024 - November,45236,Canada Research Chair in Experimental Physics,Living things are out-of-equilibrium biological systems. The proposed project will use experimental techniques to enhance understanding of out-of-equilibrium processes at nanometer-to-micrometer lengthscales and microsecond-to-second timescales. These studies will also enable multiscale and multi-temporal control of structure in soft matter.,RDF10,Natural sciences,RDF103,Physical sciences,RDF10305,Condensed matter physics,RDF1030505,Soft condensed matter,University of Guelph,University,Guelph,2025-07-17 00:00:00 UTC,2024-25,250000,719575,Dr.,Anand,null,Yethiraj,Capital,English,"Soft condensed matter physics, biophysics, experimental physics, fluorescence confocal microscopy",182615,1.369000356
Ontario Research Fund - Research Infrastructure,Small Infrastructure Fund - Round 061 - 2024 - November,45172,Advanced Performance Testing Platform for Emerging Vehicles in Adverse Weather,The research aims to pioneer methodologies for quantifying and mitigating advanced driver-assistance systems sensor soiling in self-driving vehicles to improve safety and transportation inclusiveness. It also addresses the know-ledge gaps in sensor performance as a function of vehicle aerodynamics and localized meteorological conditions.,RDF20-21,Engineering and technology,RDF204,Mechanical Engineering,RDF20402,Automotive Engineering,RDF2040206,Autonomous vehicles (except systems infrastructure),Ontario Tech University,University,Oshawa,2025-07-17 00:00:00 UTC,2024-25,180600,516221,Dr.,Martin,null,Agelin-Chaab,Capital,English,"Adverse weather, sensor performance, sensor fusion, digital twin, precipitation dynamics, surface contamination.",482076,0.374629726
Ontario Research Fund - Research Infrastructure,Small Infrastructure Fund - Round 061 - 2024 - November,45176,Supercharging the Electrochemical Materials Lab,"This proposal seeks to upgrade and expand our electrochemical testing by acquiring a multichannel potentiostat, a UV/Visible spectrometer, and a fuel cell test station. These advanced instruments will enable the development of new and novel materials for electrochemical technologies for energy storage/conversion and molecular electronics.",RDF1040602,Electrochemistry,RDF104,Chemical Sciences,RDF10406,Physical chemistry (including structural),RDF1040602,Electrochemistry,Ontario Tech University,University,Oshawa,2025-07-17 00:00:00 UTC,2024-25,168422,421055,Dr.,Bradley,E.,Easton,Capital,English,"Batteries, fuel cells, supercapacitors, critical minerals, green energy,electrochromic devices, smart materials",482076,0.349368149
Ontario Research Fund - Research Infrastructure,Small Infrastructure Fund - Round 061 - 2024 - November,45127,Electrochemical and Thermochemical Production and Use of Sustainable Hydrogen,This program will develop a new (bio)electrochemical and thermochemical system for sustainable hydrogen production and use. The successful outcome of the program will enable production of H2 fuel and chemical commodities/food from renewable resources.,RDF10,Natural Sciences,RDF104,Chemical Sciences,RDF10402,Inorganic Chemistry,RDF1040212,Metal-mediated catalysis Metal-mediated catalysis,University of Ottawa,University,Ottawa,2025-07-17 00:00:00 UTC,2024-25,200000,500000,Dr.,Aiko,null,Kurimoto,Capital,English,"Electrocatalysis, Bioelectrocatalysis, Electrochemical hydrogenation, Hydrogen evolution reaction, Geologic hydrogen,Sustainable hydrogen production, Nanoparticles, Water reduction.",1291272,0.154886035
Ontario Research Fund - Research Infrastructure,Small Infrastructure Fund - Round 061 - 2024 - November,45130,Innovations in Photostable Fluorophores and Novel Super-Resolution Techniques,"This proposal resides at the intersection of synthesis and fluorescence microscopy, to gain a clearer understanding of complex biological processes at the molecular level. We will develop new fluorescent reporters to advance single-molecule microscopy and new super-resolution microscopy techniques with unprecedented signal-to-background.",RDF10,Natural Sciences,RDF104,Chemical Sciences,RDF10403,Organic Chemistry,RDF1040305,Physical Organic Chemistry,University of Ottawa,University,Ottawa,2025-07-17 00:00:00 UTC,2024-25,320814,802035,Dr.,Terri,null,Lovell,Capital,English,"Organic chemistry, single-molecule microscopy, chemical biology, two-photon microscopy.",1291272,0.248448042
Ontario Research Fund - Research Infrastructure,Small Infrastructure Fund - Round 061 - 2024 - November,45266,"Developing, Implementing, and Evaluating Advanced Artificial Intelligence Models for Health Systems",Healthcare systems are struggling under the combined weight of aging populations with increasingly complex health needs. The proposed work aims to develop artificial intelligence tools to help transform Canadian healthcare by enhancing clinical decision-making and improving operational efficiency.,RDF30,"Medical, health and life sciences",RDF303,Health sciences,RDF30304,Health services and systems,,,University of Ottawa,University,Ottawa,2025-07-17 00:00:00 UTC,2024-25,338000,878345,Dr.,Christopher,null,Sun,Capital,English,"Operations Research, Machine Learning, Artificial Intelligence, Health Analytics.",1291272,0.261757399
Ontario Research Fund - Research Infrastructure,Small Infrastructure Fund - Round 061 - 2024 - November,45168,Improving vaccine efficacy through novel antigen design and quantitative tools,"Effective vaccines both stop the spread and limit the symptoms of diseases. We will: 1) develop new vaccines that fortify mucosal sites, such as the nasal passage, where pathogens enter the body, and 2) design tools that better evaluate the antibodies generated by vaccines to allow for iterative design improvements.",RDF30,"Medical, health and life sciences",RDF301,Basic medicine and life sciences,RDF30103,Medical microbiology,RDF3010307,Vaccines,University of Toronto,University,Toronto,2025-07-17 00:00:00 UTC,2024-25,150000,390105,Dr.,Aereas,null,Aung,Capital,English,"Vaccine design, single cell analytics.",7109866,0.021097444
Ontario Research Fund - Research Infrastructure,Small Infrastructure Fund - Round 061 - 2024 - November,45031,Simulating Planets Like Earth: SimPLE Lab,"The ability to create controlled, high temperature, conditions is required to answer vital questions about the formation of planets, the genesis of ore-deposits, and the design of energy storage materials. The requested equipment will provide this critical ability and generate data that supports Ontario’s Critical Mineral and Green Energy Strategies.",RDF10,Natural Sciences,RDF105,Earth and Related Environmental Sciences,RDF10502,Geochemistry,,,University of Toronto,University,Toronto,2025-07-17 00:00:00 UTC,2024-25,164000,415700,Dr.,Neil,null,Bennett,Capital,English,Geochemistry; Experimental Petrology; Planetary Science; Ore Formation; Thermal Energy Storage.,7109866,0.023066539
Ontario Research Fund - Research Infrastructure,Small Infrastructure Fund - Round 061 - 2024 - November,45205,Isoform-resolution functional genomics in health and disease,"This infrastructure project will leverage innovative new technologies we have developed to systematically map – at high resolution – multitasking functions of human genes in both normal and disease contexts, paving the way to the development of a new generation of therapeutic strategies.",RDF10,Natural sciences,RDF106,Biological sciences,RDF10606,Genetics,RDF1060609,Genomics,University of Toronto,University,Toronto,2025-07-17 00:00:00 UTC,2024-25,249980,625020,Dr.,Benjamin,null,Blencowe,Capital,English,"Gene regulation, alternative splicing, nervous system development, autism, glioblastoma, cell proliferation, functional genomics, CRISPR-based screening, bioinformatics.",7109866,0.035159594
Ontario Research Fund - Research Infrastructure,Small Infrastructure Fund - Round 061 - 2024 - November,45219,Precision Metrology with a Continuously Operating Optical Lattice Clock,"I propose to improve timekeeping precision and accuracy by building a continuously operating optical lattice clock – the first of its kind. This quantum sensor will measure time with state-of-the-art accuracy at the 18th digit, while offering improved robustness and precision compared to existing devices.",RDF10,Natural sciences,RDF103,Physical sciences,RDF10303,"Atomic, molecular, and optical physics",RDF1030308,Quantum optics,University of Toronto,University,Toronto,2025-07-17 00:00:00 UTC,2024-25,680000,1727089,Dr.,Boris,null,Braverman,Capital,English,"Quantum optics, precision measurement, atomic clocks, quantum metrology.",7109866,0.095641746
Ontario Research Fund - Research Infrastructure,Small Infrastructure Fund - Round 061 - 2024 - November,45108,Infrastructure for RNA-Targeted Drug Discovery,"While ribonucleic acids (RNAs) play critical roles in all living systems, our lack of tools to study them hinders our understanding. The infrastructure requested will build cutting edge research facilities at the University of Toronto that enable the Hargrove lab to develop chemical tools that unlock the secrets and promise of RNA for human health.",RDF10,Natural Sciences,RDF104,Chemical Sciences,RDF10405,Biomolecular and Medicinal Chemistry,,,University of Toronto,University,Toronto,2025-07-17 00:00:00 UTC,2024-25,200000,526777,Dr.,Amanda,null,Hargrove,Capital,English,Small molecule:RNA targeting; drug discovery; medicinal chemistry; RNA biochemistry; organic synthesis; RNA synthesis; RNA screening.,7109866,0.028129925
Ontario Research Fund - Research Infrastructure,Small Infrastructure Fund - Round 061 - 2024 - November,45223,Physiology and mechanisms of stress in skeletal muscle and pancreatic islets,"The causes of diabetes Type 1 (T1D) and Type 2 diabetes (T2D) are complex and poorly understood. Our goal is to define and determine the roles of stress biology in diabetes, so that we can prevent disease progression and help to innovate cures.",RDF30,"Medical, health and life sciences",RDF301,Basic medicine and life sciences,RDF30199,Other basic medicine and life sciences,RDF3019999,Other basic medicine and life sciences,University of Toronto,University,Toronto,2025-07-17 00:00:00 UTC,2024-25,240000,600144,Dr.,Tara,null,MacDonald,Capital,English,"Diabetes, Type 1 Diabetes, Type 2 Diabetes, skeletal muscle, pancreatic islets, pancreatic beta cells, aerobic exercise, metabolism, physiology.",7109866,0.03375591
Ontario Research Fund - Research Infrastructure,Small Infrastructure Fund - Round 061 - 2024 - November,45200,Integrated Design for Digital Fabrication in Mass Timber Engineering and Construction,"This research program integrates digital fabrication with structural testing and computational modeling to develop a design framework for resilient, sustainable, and modular mass timber buildings. Enabled by an integrated design approach, this work sets benchmarks for the design of high-performance buildings for mainstream practice.",RDF20-21,Engineering and technology,RDF201,"Civil engineering, maritime engineering, transport engineering, and mining",RDF20101,Civil engineering,RDF2010106,Structural engineering,University of Toronto,University,Toronto,2025-07-17 00:00:00 UTC,2024-25,100000,251698,Dr.,Aryan,Rezaei,Rad,Capital,English,"Digital Fabrication, Timber Engineering, Mass Timber Construction,Prefabrication, Integrated Design Approach, Sustainability-based Design.",7109866,0.014064963
Ontario Research Fund - Research Infrastructure,Small Infrastructure Fund - Round 061 - 2024 - November,45284,Synthetic Biology Based Micro/Nanoscale Sensing Systems for Antimicrobial Resistance,"This research unites cutting-edge synthetic biology and micro/nano sensing systems to develop quantitative and portable sensors to detect many disease markers at once, improving detection and diagnosis. These sensors lay the groundwork to help protect the Ontario healthcare system from the threat of emerging antimicrobial resistance.",RDF20-21,Engineering and technology,RDF207,Medical and biomedical engineering,RDF20701,Medical and biomedical engineering,,,University of Toronto,University,Toronto,2025-07-17 00:00:00 UTC,2024-25,165000,412500,Dr.,Nicole,null,Weckman,Capital,English,"Synthetic biology, CRISPR/Cas, Sensors, Diagnostics, Single Molecule Analysis, Nanopores, Lateral flow, Bioanalysis.",7109866,0.023207188
Ontario Research Fund - Research Infrastructure,Small Infrastructure Fund - Round 061 - 2024 - November,45074,Social Robots for Supporting Older Adults and Children,"The proposed program designs social robotic systems to support (a) older adults with health and daily activities, and (b) emotional knowledge of children with disabilities. The goal is to enhance the independence and well-being of Canada’s aging population and improve children's cognitive and social skills, fostering societal success.",RDF10,Natural Sciences,RDF102,Computer and information science,RDF10201,Artificial intelligence (AI),RDF1020102,Intelligent robotics,University of Waterloo,University,Waterloo,2025-07-17 00:00:00 UTC,2024-25,95000,247647,Dr.,Moojan,null,Ghafurian,Capital,English,"Social robots, socially assistive robots, emotional intelligence, health monitoring, older adults, children, emotion knowledge",699402,0.135830324
Ontario Research Fund - Research Infrastructure,Small Infrastructure Fund - Round 061 - 2024 - November,45303,Understanding the basic biophysical mechanisms by which neuroinflammation leads to neurodegeneration,he main goal of the proposed research program is to reveal the quantum-level biological processes through which inflammation impacts brain cells. This understanding will lead to innovative treatment approaches and diagnostic tools for diseases with a neuro-inflammatory component such as Alzheimer’s Disease and Parkinson’s Disease.,RDF10,Natural Sciences,RDF106,Biological Sciences,RDF10611,"Neurosciences, biological and chemical aspects",RDF1061101,Molecular neuroscience,University of Waterloo,University,Waterloo,2025-07-17 00:00:00 UTC,2024-25,200000,576731,Dr.,Travis,null,Craddock,Capital,English,"Neuroinflammation, neurodegeneration, quantum biology, cytoskeleton, biophysical modeling, protein polymerization assays, optical properties",699402,0.285958576
Ontario Research Fund - Research Infrastructure,Small Infrastructure Fund - Round 061 - 2024 - November,45112,Bone health and exercise science laboratory,The objectives of the research are to develop and evaluate interventions to reduce fracture risk and improve physical functioning in middle-aged (40-64 years old) and older adults (=65 years old) and develop and evaluate knowledge mobilization and implementation strategies to effectively translate exercise and rehabilitation research into practice.,RDF30,"Medical, health and life sciences",RDF301,Basic medicine and life sciences,RDF30107,Musculoskeletal health and human movement,RDF3010704,Exercise physiology,University of Waterloo,University,Waterloo,2025-07-17 00:00:00 UTC,2024-25,75050,189152,Dr.,Lora,null,Giangregorio,Capital,English,"Osteoporosis, bone, fracture, falls, exercise, physical activity, mobility, knowledge mobilization, knowledge translation, knowledge dissemination.",699402,0.107305956
Ontario Research Fund - Research Infrastructure,Small Infrastructure Fund - Round 061 - 2024 - November,44920,Superconducting Millimeter-Wave Circuits for Quantum Applications,The main objective of this proposal is to develop high frequency (up to 110 GHz) superconducting circuits for quantum technologies. This will be accomplished by building a cryogenic measurement system incorporating the requested infrastructure (vector network analyzer frequency extender) to study these devices at low temperatures.,RDF10,Natural sciences,RDF103,Physical sciences,RDF10306,Quantum physics,RDF1030606,Quantum technologies,University of Waterloo,University,Waterloo,2025-07-17 00:00:00 UTC,2024-25,80000,235861,Dr.,Bradley,null,Hauer,Capital,English,"Cavity optomechanics, superconducting circuits, mm/micro-wave cavities, micro/nano-mechanical resonators, quantum technologies, quantum information.",699402,0.11438343
Ontario Research Fund - Research Infrastructure,Small Infrastructure Fund - Round 061 - 2024 - November,45178,Mechanically Crosslinked Networks: Structure-Property Relationships and Applications in Batteries,"Dr. Lin's team will develop an efficient method for the synthesis of novel mechanically crosslinked networks and establish a robust understanding of “structure-property-performance” relationships in the material designs and applications, such as electrolytes, electrode binders, and coatings, in batteries.",RDF10,Natural sciences,RDF104,Chemical sciences,RDF10404,Macromolecular and materials chemistry,RDF1040406,Functional materials in materials chemistry sciences,University of Waterloo,University,Waterloo,2025-07-17 00:00:00 UTC,2024-25,109000,292380,Dr.,Yangju,null,Lin,Capital,English,"Mechanically Crosslinked Networks, Host-Guest Interactions, Polymer Characterization, Polymers for Batteries, Structure-Property-Performance Relationships.",699402,0.155847424
Ontario Research Fund - Research Infrastructure,Small Infrastructure Fund - Round 061 - 2024 - November,45268,Establishment of Health Equity and AI Lab (HEAL),The Health Equity and AI Lab (HEAL) is dedicated to using Artificial Intelligence (AI) to reduce health disparities in Canada. HEAL’s research focuses on two areas: using AI to promote health equity and embedding fairness into AI models.,RDF30,"Medical, health and life sciences",RDF303,Health sciences,RDF30304,Health services and systems,RDF3030499,"Health services and systems, n.e.c.",York University,University,Toronto,2025-07-17 00:00:00 UTC,2024-25,96000,294424,Dr.,Elham,null,Dolatabadi,Capital,English,"Health Equity, Machine Learning, Fairness, Responsible AI, Foundation Model, Multimodal AI, Natural Language Processing, Causal Models, Large Language Models.",7109866,0.013502364
Ontario Research Fund - Research Infrastructure,Small Infrastructure Fund - Round 061 - 2024 - November,45215,Futuristic Infrastructures for AI Framework: Pioneering Self-Healing Cloud and Smart Cities,"The proposal will establish a pioneering AI Lab at York University, focusing on self-healing cloud systems and smart city applications. Equipped with high-performance GPU servers, the lab will drive research, enhance urban resilience, foster talent development, and stimulate Ontario’s economy.",RDF20-21,Engineering and technology,RDF203,"Electrical engineering, computer engineering, and information engineering",RDF20301,Computer engineering,RDF2030111,Machine learning systems,York University,University,Toronto,2025-07-17 00:00:00 UTC,2024-25,75120,245298,Dr.,Manar,null,Jammal,Capital,English,Futuristic Infrastructures for AI Framework: Pioneering Self-Healing Cloud and Smart Cities,7109866,0.0105656
Ontario Research Fund - Research Infrastructure,Small Infrastructure Fund - Round 061 - 2024 - November,45091,"Walking while talking: assessing the interplay between age, distraction, and mobility","Fall risk increases with age, but the presence of markers of fall risk (like brain activity or walking patterns) while distracted in the middle-age window is unclear. Developing this information may aid in reducing falls and injuries later in life.",RDF30,"Medical, health, and life sciences",RDF301,Basic medicine and life sciences,RDF30107,Musculoskeletal health and human movement,RDF3010706,"Balance, gait, and locomotion",York University,University,Toronto,2025-07-17 00:00:00 UTC,2024-25,72422,189392,Dr.,George,null,Mochizuki,Capital,English,"Human, mobility, distraction, aging, fall risk",7109866,0.010186127
Ontario Research Fund - Research Infrastructure,Small Infrastructure Fund - Round 061 - 2024 - November,44896,Additive Manufacturing for Next Generation Space Systems and Robotics,"This project will enable the next generation of space systems and robotics through advanced additive manufacutre. Through the establishment of this cutting edge infrastructure, this project will drive innovation and support Ontario’s quickly growing and critical robotics and space sectors.",RDF20-21,Engineering and technology,RDF204,Mechanical engineering,RDF20401,Aerospace engineering,RDF2040108,"Satellites, space vehicles and missiles design and testing",York University,University,Toronto,2025-07-17 00:00:00 UTC,2024-25,144632,457099,Dr.,Ryan,null,Orszulik,Capital,English,"Additive manufacture, space engineering, mechatronics, robotics, nanosatellite systems, space robotics.",7109866,0.020342437
Ontario Research Fund - Research Infrastructure,Small Infrastructure Fund - Round 061 - 2024 - November,45197,A novel laboratory to investigate cardiorespiratory function and perceived dyspnea during physiological stress in humans,This proposal requests infrastructure for cardiorespiratory function measurement during stress in humans to establish a cutting-edge applied cardiorespiratory physiology research program.,RDF30,"Medical, health and life sciences",RDF301,Basic medicine and life sciences,RDF30106,Human physiology,RDF3010601,Systems physiology,York University,University,Toronto,2025-07-17 00:00:00 UTC,2024-25,138000,345999,Dr.,Devin,null,Phillips,Capital,English,"Dyspnea, biological sex, aging, exercise physiology, cardiopulmonary exercise testing, respiratory mechanics",7109866,0.019409649
Ontario Research Fund - Research Infrastructure,Small Infrastructure Fund - Round 061 - 2024 - November,45329,Interrogating plasticity of electro-chemical synapses using multiphoton imaging microscopy,Dr. Zoidl will investigate nerve cells communications using electrical and chemical synapses in genetically modified zebrafish. Using advanced microscopy will enable outcomes that advance the understanding of fundamental communication mechanisms during normal brain maturation and in brain disorders.,RDF10611,"Neurosciences, biological and chemical aspects",RDF106,RDF 1061101 - Molecular neuroscience,RDF106,RDF 1061102 - Cellular neuroscience,RDF1061108,Neurophysiology,York University,University,Toronto,2025-07-17 00:00:00 UTC,2024-25,200000,500000,Dr.,Georg,null,Zoidl,Capital,English,"Molecular and Cellular Neuroscience, Neurophysiology, Electrical Synapse, Chemical Synapse, Synaptic Plasticity, Microscopy, Electrophysiology, Transgenic Zebrafish.",7109866,0.028129925
Ontario Research Fund - Research Infrastructure,College Fund - Round 12,45339,Canadian Material Circular Economy Syndicate (CMCES),"The Canadian Material Circular Economy Syndicate (CMCES) founded in 2021, aims to enhance capacity across its networking colleges through the acquisition of the proposed infrastructure to advance material innovations conducive to a circular economy.",RDF20-21,Engineering and Technology,RDF206,Materials Engineering and Resource Engineering,RDF20601,Materials Engineering,RDF2060102,Composite and Hybrid Materials,Lambton College of Applied Arts and Technology,College,Sarnia,2025-08-05 00:00:00 UTC,2024-25,701013,1769135,Dr.,Mehdi,M.,Sheikhzadeh,Capital,English,"Circular Economy (CE), Sustainable Materials, Advanced Manufacturing Techniques, Mechanical and Advanced Recycling",108798,6.443252633
Ontario Research Fund - Research Infrastructure,College Fund - Round 12,45340,Enhancement of Biosafety Level 2 (BSL2) Laboratory,"Through this ORF, Lambton College will be able to scale up its BioSafety Level 2 Laboratory (BSL2) to strengthen research capabilities and enhance collaboration, tackling complex challenges in biotechnology and environmental sustainability.",RDF20-21,Engineering and Technology,RDF210,Industrial Biotechnology,RDF21001,Industrial Biotechnology,RDF2100102,"Bioprocessing, bioproduction, and bioproducts",Lambton College of Applied Arts and Technology,College,Sarnia,2025-08-05 00:00:00 UTC,2024-25,887500,2218843,Dr.,Mehdi,M.,Sheikhzadeh,Capital,English,"Biomanufacturing, Biotechnology, Bio-Based Products/Processes, Biosafety, Bio-Based Chemicals, Renewable Biological Sources",108798,8.157319068
Ontario Research Fund - Research Infrastructure,College Fund - Round 12,45447,Centre of Industrial Simulation and Prototyping,"The Centre of Industrial Simulation and Prototyping at Georgian College helps manufacturers adopt Industry 5.0. Using virtual and physical simulations and advanced technologies, it promotes sustainable manufacturing, collaboration, and hands-on training to drive economic growth in central Ontario.",RDF20-21,Engineering and Technology,RDF202,"Industrial, systems and processes engineering",RDF20202,Systems Engineering,RDF2020104,Human-computer systems interface,Georgian College,College,Barrie,2025-08-05 00:00:00 UTC,2024-25,999999,3010876,Dr.,Laleh,null,Khodaparast,Capital,English,"Digital twins, industrial simulation, virtual commissioning, prototyping, Industry 5.0, artificial intelligence, automation, system optimization, process optimization, predictive maintenance",247098,4.046973266
